name,left_eye_height,right_eye_height,mouth_height,dx,dy,classification
n_1, 17,15,0,1,-202, not_tired
n_1, 9,10,5,-44,-200, not_tired
n_1, 15,15,9,15,-204, not_tired
n_1, 0,0,0,0,0, not_tired
n_1, 18,18,10,7,-215, not_tired
n_1, 18,15,0,-6,-210, not_tired
n_1, 14,12,1,-25,-197, not_tired
n_1, 15,14,0,-21,-201, not_tired
n_1, 16,15,0,-30,-201, not_tired
n_1, 12,11,1,-44,-198, not_tired
n_10, 13,13,1,-38,-200, not_tired
n_10, 11,12,1,-50,-200, not_tired
n_10, 8,6,2,-31,-184, not_tired
n_10, 2,6,2,-43,-198, not_tired
n_10, 14,12,0,-26,-200, not_tired
n_10, 11,10,0,-56,-190, not_tired
n_10, 16,11,0,-22,-189, not_tired
n_10, 11,11,0,-33,-194, not_tired
n_10, 11,10,0,-37,-190, not_tired
n_10, 12,11,0,-39,-185, not_tired
n_100, 0,0,0,0,0, not_tired
n_100, 25,26,0,-34,-181, not_tired
n_100, 26,27,1,-47,-190, not_tired
n_100, 0,0,0,0,0, not_tired
n_100, 24,21,0,-29,-157, not_tired
n_100, 25,23,1,-28,-188, not_tired
n_100, 24,21,1,-33,-187, not_tired
n_100, 25,23,1,-34,-179, not_tired
n_100, 24,25,0,-38,-176, not_tired
n_100, 22,23,0,-30,-184, not_tired
n_1000, 0,0,0,0,0, not_tired
n_1000, 15,16,1,-49,-136, not_tired
n_1000, 14,16,0,-45,-144, not_tired
n_1000, 15,14,0,-43,-145, not_tired
n_1000, 14,16,0,-51,-142, not_tired
n_1000, 16,19,0,-51,-138, not_tired
n_1000, 16,15,0,-3,-144, not_tired
n_1000, 15,15,0,-46,-147, not_tired
n_1000, 17,17,0,-51,-145, not_tired
n_1000, 15,15,0,-63,-138, not_tired
n_1001, 12,11,1,-54,-134, not_tired
n_1001, 20,17,0,0,-145, not_tired
n_1001, 14,15,0,-50,-155, not_tired
n_1001, 0,0,0,0,0, not_tired
n_1001, 15,14,0,-46,-134, not_tired
n_1001, 15,15,0,-45,-138, not_tired
n_1001, 14,16,0,-53,-135, not_tired
n_1001, 14,17,0,-52,-143, not_tired
n_1001, 16,15,0,-52,-126, not_tired
n_1001, 14,16,0,-51,-134, not_tired
n_1002, 13,15,0,-59,-130, not_tired
n_1002, 14,15,0,-53,-142, not_tired
n_1002, 14,16,1,-53,-143, not_tired
n_1002, 18,18,1,-72,-132, not_tired
n_1002, 15,15,0,-67,-139, not_tired
n_1002, 17,16,1,-59,-143, not_tired
n_1002, 0,0,0,0,0, not_tired
n_1002, 17,17,0,-49,-124, not_tired
n_1002, 14,17,0,-58,-135, not_tired
n_1002, 14,16,0,-58,-139, not_tired
n_1003, 0,0,0,0,0, not_tired
n_1003, 16,18,0,-2,-129, not_tired
n_1003, 18,19,4,-18,-148, not_tired
n_1003, 11,13,0,-49,-135, not_tired
n_1003, 15,16,0,-38,-136, not_tired
n_1003, 15,16,0,-25,-139, not_tired
n_1003, 14,14,0,-34,-139, not_tired
n_1003, 14,15,0,-34,-139, not_tired
n_1003, 15,15,0,-43,-146, not_tired
n_1003, 16,15,1,-45,-143, not_tired
n_1004, 16,14,1,-26,-141, not_tired
n_1004, 15,14,0,-35,-139, not_tired
n_1004, 15,14,0,-34,-140, not_tired
n_1004, 16,15,0,-41,-146, not_tired
n_1004, 16,16,0,-42,-144, not_tired
n_1004, 14,15,0,-45,-152, not_tired
n_1004, 15,17,0,-39,-144, not_tired
n_1004, 15,16,1,-46,-141, not_tired
n_1004, 16,16,0,-49,-148, not_tired
n_1004, 13,14,0,-43,-141, not_tired
n_1005, 16,16,0,-42,-150, not_tired
n_1005, 16,15,0,-42,-144, not_tired
n_1005, 16,16,0,-45,-141, not_tired
n_1005, 16,15,0,-50,-147, not_tired
n_1005, 15,13,1,-42,-141, not_tired
n_1005, 17,13,0,-49,-140, not_tired
n_1005, 16,17,1,-48,-136, not_tired
n_1005, 16,14,0,-46,-126, not_tired
n_1005, 14,13,0,-37,-131, not_tired
n_1005, 17,18,0,-44,-140, not_tired
n_1006, 18,14,1,-46,-141, not_tired
n_1006, 16,16,0,-45,-131, not_tired
n_1006, 15,15,0,-46,-126, not_tired
n_1006, 15,13,0,-39,-133, not_tired
n_1006, 17,17,1,-39,-142, not_tired
n_1006, 16,15,0,-55,-146, not_tired
n_1006, 16,17,0,-34,-156, not_tired
n_1006, 17,17,0,-48,-142, not_tired
n_1006, 15,15,0,-46,-128, not_tired
n_1006, 13,16,1,-48,-129, not_tired
n_1007, 15,16,0,-53,-142, not_tired
n_1007, 16,18,0,-34,-156, not_tired
n_1007, 16,17,0,-47,-142, not_tired
n_1007, 14,15,0,-46,-124, not_tired
n_1007, 12,13,0,-48,-126, not_tired
n_1007, 14,14,1,-52,-122, not_tired
n_1007, 13,16,0,-46,-122, not_tired
n_1007, 13,15,1,-42,-122, not_tired
n_1007, 14,16,0,-46,-133, not_tired
n_1007, 15,15,0,-34,-138, not_tired
n_1008, 13,14,0,-54,-123, not_tired
n_1008, 13,16,1,-46,-122, not_tired
n_1008, 15,15,0,-40,-121, not_tired
n_1008, 13,15,0,-42,-139, not_tired
n_1008, 16,15,0,-36,-138, not_tired
n_1008, 15,15,0,-35,-142, not_tired
n_1008, 13,15,0,-33,-138, not_tired
n_1008, 12,13,0,-22,-139, not_tired
n_1008, 15,14,0,-37,-141, not_tired
n_1008, 14,13,0,-39,-139, not_tired
n_1009, 15,17,0,-40,-141, not_tired
n_1009, 14,15,0,-32,-140, not_tired
n_1009, 14,14,0,-24,-141, not_tired
n_1009, 15,16,0,-37,-142, not_tired
n_1009, 16,16,0,-40,-140, not_tired
n_1009, 14,16,0,-44,-138, not_tired
n_1009, 14,16,0,-43,-139, not_tired
n_1009, 15,16,1,-44,-133, not_tired
n_1009, 15,15,0,-40,-136, not_tired
n_1009, 16,16,0,-42,-142, not_tired
n_101, 0,0,0,0,0, not_tired
n_101, 21,20,1,-26,-176, not_tired
n_101, 20,17,1,-17,-201, not_tired
n_101, 26,26,0,-30,-202, not_tired
n_101, 24,24,0,-37,-196, not_tired
n_101, 26,26,1,-31,-196, not_tired
n_101, 27,25,0,-33,-194, not_tired
n_101, 14,13,1,-5,-214, not_tired
n_101, 25,25,1,-32,-204, not_tired
n_101, 26,24,0,-29,-199, not_tired
n_1010, 0,0,0,0,0, not_tired
n_1010, 15,16,0,-39,-114, not_tired
n_1010, 14,15,0,-43,-133, not_tired
n_1010, 14,17,0,-39,-137, not_tired
n_1010, 16,16,0,-41,-142, not_tired
n_1010, 16,16,0,-38,-141, not_tired
n_1010, 16,17,0,-41,-143, not_tired
n_1010, 14,17,0,-45,-138, not_tired
n_1010, 15,16,0,-40,-140, not_tired
n_1010, 16,16,0,-37,-140, not_tired
n_1011, 16,16,0,-39,-143, not_tired
n_1011, 16,16,0,-40,-141, not_tired
n_1011, 16,16,0,-44,-138, not_tired
n_1011, 14,17,0,-40,-141, not_tired
n_1011, 16,14,0,-38,-140, not_tired
n_1011, 15,15,0,-38,-142, not_tired
n_1011, 14,14,0,-50,-137, not_tired
n_1011, 16,16,0,-37,-144, not_tired
n_1011, 16,15,0,-36,-144, not_tired
n_1011, 13,16,0,-44,-144, not_tired
n_1012, 16,14,0,-38,-141, not_tired
n_1012, 14,13,1,-46,-138, not_tired
n_1012, 16,15,0,-37,-146, not_tired
n_1012, 15,16,1,-40,-145, not_tired
n_1012, 15,16,0,-43,-143, not_tired
n_1012, 14,16,0,-41,-140, not_tired
n_1012, 15,15,0,-41,-151, not_tired
n_1012, 17,15,0,-36,-140, not_tired
n_1012, 15,16,0,-45,-147, not_tired
n_1012, 15,17,1,-51,-140, not_tired
n_1013, 13,16,0,-39,-139, not_tired
n_1013, 14,16,0,-42,-152, not_tired
n_1013, 17,15,0,-37,-142, not_tired
n_1013, 15,17,0,-44,-149, not_tired
n_1013, 16,15,0,-52,-141, not_tired
n_1013, 13,16,0,-44,-140, not_tired
n_1013, 14,16,0,-30,-148, not_tired
n_1013, 16,17,0,-49,-141, not_tired
n_1013, 16,17,1,-48,-139, not_tired
n_1013, 12,13,0,-27,-144, not_tired
n_1014, 15,16,0,-45,-143, not_tired
n_1014, 15,16,0,-30,-147, not_tired
n_1014, 16,17,0,-49,-142, not_tired
n_1014, 16,16,0,-44,-141, not_tired
n_1014, 12,13,0,-24,-146, not_tired
n_1014, 16,16,0,-48,-144, not_tired
n_1014, 14,16,0,-51,-147, not_tired
n_1014, 15,15,1,-39,-138, not_tired
n_1014, 11,11,0,-42,-138, not_tired
n_1014, 14,16,0,-44,-138, not_tired
n_1015, 15,16,0,-43,-121, not_tired
n_1015, 14,16,0,-41,-120, not_tired
n_1015, 11,9,0,-60,-135, not_tired
n_1015, 15,17,0,-58,-141, not_tired
n_1015, 14,15,0,-44,-141, not_tired
n_1015, 15,16,0,-45,-140, not_tired
n_1015, 16,15,0,-47,-146, not_tired
n_1015, 16,16,0,-43,-143, not_tired
n_1015, 15,15,0,-44,-141, not_tired
n_1015, 7,10,0,-59,-136, not_tired
n_1016, 15,16,1,-43,-144, not_tired
n_1016, 17,15,1,-46,-145, not_tired
n_1016, 16,16,0,-44,-143, not_tired
n_1016, 15,14,0,-44,-141, not_tired
n_1016, 11,11,0,-59,-139, not_tired
n_1016, 15,15,0,-41,-146, not_tired
n_1016, 15,18,1,-50,-143, not_tired
n_1016, 16,15,0,-48,-135, not_tired
n_1016, 12,14,0,-48,-139, not_tired
n_1016, 17,16,0,-54,-142, not_tired
n_1017, 16,14,1,-38,-145, not_tired
n_1017, 16,17,0,-51,-143, not_tired
n_1017, 15,16,0,-48,-134, not_tired
n_1017, 13,15,0,-49,-139, not_tired
n_1017, 16,15,1,-54,-142, not_tired
n_1017, 15,16,0,-48,-145, not_tired
n_1017, 16,16,0,-51,-142, not_tired
n_1017, 17,13,0,-58,-134, not_tired
n_1017, 16,15,0,-51,-144, not_tired
n_1017, 17,4,1,-61,-137, not_tired
n_1018, 14,16,0,-46,-144, not_tired
n_1018, 16,16,0,-52,-142, not_tired
n_1018, 17,14,1,-56,-134, not_tired
n_1018, 15,15,0,-52,-142, not_tired
n_1018, 16,5,0,-60,-137, not_tired
n_1018, 18,15,0,-48,-144, not_tired
n_1018, 15,12,1,-38,-144, not_tired
n_1018, 16,13,0,-36,-139, not_tired
n_1018, 15,16,0,-41,-143, not_tired
n_1018, 15,16,0,-35,-147, not_tired
n_1019, 17,16,0,-49,-142, not_tired
n_1019, 15,13,0,-37,-144, not_tired
n_1019, 15,13,0,-37,-141, not_tired
n_1019, 15,14,0,-41,-143, not_tired
n_1019, 16,15,1,-36,-146, not_tired
n_1019, 17,16,0,-41,-146, not_tired
n_1019, 15,14,0,-38,-144, not_tired
n_1019, 15,15,0,-36,-146, not_tired
n_1019, 14,15,1,-37,-144, not_tired
n_1019, 16,17,0,-41,-144, not_tired
n_102, 8,10,0,11,-153, not_tired
n_102, 16,14,1,-2,-178, not_tired
n_102, 18,15,0,22,-203, not_tired
n_102, 26,24,0,-3,-203, not_tired
n_102, 27,26,0,-28,-203, not_tired
n_102, 28,26,0,-31,-201, not_tired
n_102, 24,25,0,-33,-194, not_tired
n_102, 27,25,1,-31,-195, not_tired
n_102, 26,25,1,-40,-196, not_tired
n_102, 27,25,0,-40,-192, not_tired
n_1020, 0,0,0,0,0, not_tired
n_1020, 16,15,1,-36,-129, not_tired
n_1020, 15,15,0,-40,-144, not_tired
n_1020, 15,16,0,-37,-144, not_tired
n_1020, 15,16,0,-41,-143, not_tired
n_1020, 16,14,0,-34,-142, not_tired
n_1020, 16,16,0,-48,-143, not_tired
n_1020, 17,16,0,-39,-147, not_tired
n_1020, 15,15,0,-40,-145, not_tired
n_1020, 16,16,1,-39,-146, not_tired
n_1021, 16,15,0,-34,-142, not_tired
n_1021, 15,17,0,-45,-143, not_tired
n_1021, 16,14,0,-40,-148, not_tired
n_1021, 16,15,0,-41,-146, not_tired
n_1021, 15,16,0,-42,-145, not_tired
n_1021, 11,12,0,-29,-151, not_tired
n_1021, 16,18,0,-47,-150, not_tired
n_1021, 16,17,0,-42,-141, not_tired
n_1021, 16,11,0,-54,-138, not_tired
n_1021, 16,17,0,-39,-150, not_tired
n_1022, 5,1,0,-30,-146, not_tired
n_1022, 17,18,0,-47,-150, not_tired
n_1022, 15,15,0,-44,-142, not_tired
n_1022, 15,12,1,-54,-139, not_tired
n_1022, 17,17,0,-39,-151, not_tired
n_1022, 15,14,1,-37,-117, not_tired
n_1022, 13,16,1,-46,-120, not_tired
n_1022, 13,14,0,-44,-120, not_tired
n_1022, 15,15,0,-11,-129, not_tired
n_1022, 14,16,0,-31,-141, not_tired
n_1023, 14,13,0,-36,-119, not_tired
n_1023, 13,15,0,-46,-120, not_tired
n_1023, 13,14,0,-45,-119, not_tired
n_1023, 14,16,0,-9,-132, not_tired
n_1023, 15,17,0,-32,-140, not_tired
n_1023, 15,16,0,-42,-141, not_tired
n_1023, 16,15,0,-42,-140, not_tired
n_1023, 14,17,1,-45,-141, not_tired
n_1023, 15,15,1,-41,-142, not_tired
n_1023, 15,15,0,-43,-142, not_tired
n_1024, 16,14,0,-41,-144, not_tired
n_1024, 14,15,0,-41,-143, not_tired
n_1024, 14,16,0,-43,-141, not_tired
n_1024, 15,17,0,-42,-142, not_tired
n_1024, 15,16,0,-44,-141, not_tired
n_1024, 13,12,1,-36,-143, not_tired
n_1024, 15,5,1,-61,-141, not_tired
n_1024, 17,14,0,-41,-144, not_tired
n_1024, 15,15,0,-41,-142, not_tired
n_1024, 16,17,0,-40,-142, not_tired
n_1025, 11,11,0,-41,-145, not_tired
n_1025, 14,4,0,-61,-145, not_tired
n_1025, 15,15,0,-40,-146, not_tired
n_1025, 16,15,0,-42,-139, not_tired
n_1025, 16,15,0,-39,-142, not_tired
n_1025, 17,15,0,-40,-144, not_tired
n_1025, 14,11,0,-40,-137, not_tired
n_1025, 14,15,0,-39,-141, not_tired
n_1025, 14,15,1,-39,-140, not_tired
n_1025, 16,17,0,-39,-141, not_tired
n_1026, 15,16,0,-41,-143, not_tired
n_1026, 13,11,0,-41,-136, not_tired
n_1026, 16,15,0,-39,-141, not_tired
n_1026, 14,15,0,-39,-140, not_tired
n_1026, 16,16,0,-40,-141, not_tired
n_1026, 14,14,0,-46,-134, not_tired
n_1026, 15,14,0,-44,-142, not_tired
n_1026, 14,15,0,-46,-137, not_tired
n_1026, 15,16,0,-49,-147, not_tired
n_1026, 16,14,0,-38,-143, not_tired
n_1027, 16,14,0,-53,-134, not_tired
n_1027, 15,15,0,-42,-142, not_tired
n_1027, 14,15,0,-48,-140, not_tired
n_1027, 15,16,1,-49,-149, not_tired
n_1027, 17,14,0,-39,-144, not_tired
n_1027, 16,15,1,-42,-142, not_tired
n_1027, 15,15,0,-40,-143, not_tired
n_1027, 15,15,1,-40,-143, not_tired
n_1027, 15,15,0,-31,-141, not_tired
n_1027, 14,17,1,-37,-142, not_tired
n_1028, 15,15,0,-43,-142, not_tired
n_1028, 14,15,0,-38,-143, not_tired
n_1028, 15,15,0,-41,-143, not_tired
n_1028, 15,15,0,-31,-143, not_tired
n_1028, 14,15,1,-37,-142, not_tired
n_1028, 14,14,0,-44,-143, not_tired
n_1028, 16,15,0,-43,-147, not_tired
n_1028, 19,17,1,-11,-146, not_tired
n_1028, 16,16,0,-42,-149, not_tired
n_1028, 15,5,1,-74,-139, not_tired
n_1029, 14,13,0,-47,-144, not_tired
n_1029, 16,16,0,-41,-150, not_tired
n_1029, 18,17,1,-13,-147, not_tired
n_1029, 17,16,0,-40,-149, not_tired
n_1029, 13,5,1,-76,-142, not_tired
n_1029, 18,15,0,-51,-145, not_tired
n_1029, 17,19,0,-32,-144, not_tired
n_1029, 16,16,0,-40,-146, not_tired
n_1029, 16,17,0,-40,-144, not_tired
n_1029, 16,17,0,-42,-140, not_tired
n_103, 0,0,0,0,0, not_tired
n_103, 22,22,0,-32,-171, not_tired
n_103, 22,19,1,-49,-186, not_tired
n_103, 27,26,1,-41,-197, not_tired
n_103, 24,27,0,-43,-187, not_tired
n_103, 26,25,0,-41,-192, not_tired
n_103, 25,26,0,-42,-191, not_tired
n_103, 26,26,0,-42,-186, not_tired
n_103, 23,21,0,-39,-191, not_tired
n_103, 26,28,1,-28,-201, not_tired
n_1030, 0,0,0,0,0, not_tired
n_1030, 15,16,0,-26,-123, not_tired
n_1030, 16,16,0,-41,-145, not_tired
n_1030, 15,15,0,-40,-145, not_tired
n_1030, 16,16,0,-43,-141, not_tired
n_1030, 16,15,0,-47,-142, not_tired
n_1030, 15,17,0,-37,-143, not_tired
n_1030, 13,16,0,-45,-148, not_tired
n_1030, 16,17,0,-40,-146, not_tired
n_1030, 17,17,1,-35,-145, not_tired
n_1031, 14,15,0,-47,-143, not_tired
n_1031, 15,17,0,-36,-143, not_tired
n_1031, 13,15,0,-46,-147, not_tired
n_1031, 16,15,1,-38,-146, not_tired
n_1031, 15,16,0,-33,-144, not_tired
n_1031, 16,16,0,-25,-148, not_tired
n_1031, 15,17,0,-39,-145, not_tired
n_1031, 16,16,0,-36,-142, not_tired
n_1031, 17,19,0,-22,-140, not_tired
n_1031, 16,18,0,-34,-152, not_tired
n_1032, 16,16,0,-30,-148, not_tired
n_1032, 17,15,0,-41,-145, not_tired
n_1032, 15,15,0,-36,-143, not_tired
n_1032, 19,18,1,-18,-140, not_tired
n_1032, 16,16,0,-37,-151, not_tired
n_1032, 16,17,0,-47,-146, not_tired
n_1032, 16,16,1,-39,-143, not_tired
n_1032, 7,8,1,-30,-142, not_tired
n_1032, 16,17,0,-39,-145, not_tired
n_1032, 16,15,0,-36,-149, not_tired
n_1033, 15,17,0,-48,-145, not_tired
n_1033, 16,17,0,-31,-140, not_tired
n_1033, 6,4,0,-35,-146, not_tired
n_1033, 17,17,0,-38,-147, not_tired
n_1033, 15,15,0,-37,-148, not_tired
n_1033, 16,17,0,-14,-145, not_tired
n_1033, 16,16,0,-36,-145, not_tired
n_1033, 13,14,0,-24,-144, not_tired
n_1033, 3,7,0,-36,-141, not_tired
n_1033, 15,15,0,-44,-143, not_tired
n_1034, 17,18,0,-13,-146, not_tired
n_1034, 16,16,0,-36,-145, not_tired
n_1034, 15,15,0,-26,-145, not_tired
n_1034, 2,4,0,-33,-141, not_tired
n_1034, 16,16,0,-46,-144, not_tired
n_1034, 14,14,1,-38,-140, not_tired
n_1034, 16,15,0,-36,-145, not_tired
n_1034, 16,16,1,-40,-140, not_tired
n_1034, 12,12,0,-43,-115, not_tired
n_1034, 13,14,0,-44,-117, not_tired
n_1035, 11,13,0,-42,-118, not_tired
n_1035, 12,14,0,-40,-114, not_tired
n_1035, 13,14,1,-47,-117, not_tired
n_1035, 9,12,0,-51,-122, not_tired
n_1035, 14,17,0,-45,-141, not_tired
n_1035, 17,15,0,-37,-141, not_tired
n_1035, 14,15,0,-46,-137, not_tired
n_1035, 14,16,0,-35,-142, not_tired
n_1035, 14,13,0,-36,-139, not_tired
n_1035, 15,16,1,-35,-139, not_tired
n_1036, 15,16,0,-40,-141, not_tired
n_1036, 15,16,1,-46,-135, not_tired
n_1036, 13,16,1,-34,-144, not_tired
n_1036, 15,13,0,-34,-136, not_tired
n_1036, 15,16,0,-34,-138, not_tired
n_1036, 15,16,0,-37,-137, not_tired
n_1036, 13,16,0,-38,-135, not_tired
n_1036, 13,16,0,-40,-137, not_tired
n_1036, 14,15,1,-32,-139, not_tired
n_1036, 14,15,0,-36,-143, not_tired
n_1037, 15,16,0,-38,-137, not_tired
n_1037, 14,16,0,-38,-133, not_tired
n_1037, 14,14,0,-38,-134, not_tired
n_1037, 16,17,0,-32,-138, not_tired
n_1037, 16,16,0,-36,-142, not_tired
n_1037, 17,16,0,-36,-141, not_tired
n_1037, 16,15,0,-35,-142, not_tired
n_1037, 17,18,0,-16,-142, not_tired
n_1037, 15,16,0,-34,-140, not_tired
n_1037, 16,16,1,-35,-139, not_tired
n_1038, 15,16,0,-37,-140, not_tired
n_1038, 14,16,1,-36,-142, not_tired
n_1038, 17,18,0,-16,-143, not_tired
n_1038, 15,15,0,-34,-140, not_tired
n_1038, 16,15,0,-36,-138, not_tired
n_1038, 17,18,0,-28,-144, not_tired
n_1038, 14,16,0,-38,-142, not_tired
n_1038, 16,17,0,-36,-143, not_tired
n_1038, 15,17,0,-35,-139, not_tired
n_1038, 16,17,0,-17,-142, not_tired
n_1039, 17,17,0,-31,-141, not_tired
n_1039, 14,17,1,-41,-142, not_tired
n_1039, 15,18,0,-38,-143, not_tired
n_1039, 16,15,0,-34,-140, not_tired
n_1039, 16,18,0,-17,-142, not_tired
n_1039, 14,16,0,-39,-141, not_tired
n_1039, 14,15,0,-38,-137, not_tired
n_1039, 15,18,0,-23,-134, not_tired
n_1039, 14,17,0,-41,-139, not_tired
n_1039, 14,16,0,-37,-140, not_tired
n_104, 15,13,0,-11,-141, not_tired
n_104, 23,24,1,-34,-171, not_tired
n_104, 25,26,1,-37,-191, not_tired
n_104, 27,24,0,-34,-188, not_tired
n_104, 26,25,1,-38,-192, not_tired
n_104, 26,25,0,-36,-195, not_tired
n_104, 26,26,0,-42,-194, not_tired
n_104, 28,26,1,-39,-191, not_tired
n_104, 26,25,0,-39,-191, not_tired
n_104, 28,26,1,-37,-199, not_tired
n_1040, 0,0,0,0,0, not_tired
n_1040, 15,15,0,-32,-123, not_tired
n_1040, 17,18,0,-22,-132, not_tired
n_1040, 14,16,0,-41,-139, not_tired
n_1040, 14,15,0,-37,-141, not_tired
n_1040, 14,15,0,-38,-141, not_tired
n_1040, 15,14,0,-41,-137, not_tired
n_1040, 16,17,1,-43,-141, not_tired
n_1040, 16,15,1,-36,-141, not_tired
n_1040, 13,16,4,-36,-145, not_tired
n_1041, 15,16,0,-37,-143, not_tired
n_1041, 15,16,0,-44,-136, not_tired
n_1041, 15,17,1,-44,-143, not_tired
n_1041, 16,16,1,-38,-141, not_tired
n_1041, 15,16,4,-37,-144, not_tired
n_1041, 13,16,0,-35,-139, not_tired
n_1041, 15,17,0,-37,-139, not_tired
n_1041, 14,14,0,-35,-139, not_tired
n_1041, 14,16,0,-33,-130, not_tired
n_1041, 14,15,0,-32,-136, not_tired
n_1042, 13,16,0,-38,-140, not_tired
n_1042, 15,16,0,-37,-139, not_tired
n_1042, 15,16,0,-35,-139, not_tired
n_1042, 14,15,0,-32,-130, not_tired
n_1042, 14,15,0,-31,-138, not_tired
n_1042, 15,16,0,-36,-135, not_tired
n_1042, 13,15,0,-33,-139, not_tired
n_1042, 17,16,0,-35,-141, not_tired
n_1042, 13,15,1,-36,-143, not_tired
n_1042, 15,16,1,-38,-140, not_tired
n_1043, 14,16,0,-37,-135, not_tired
n_1043, 13,16,0,-31,-140, not_tired
n_1043, 14,17,0,-34,-140, not_tired
n_1043, 16,16,0,-36,-143, not_tired
n_1043, 14,16,1,-39,-139, not_tired
n_1043, 15,7,0,-65,-140, not_tired
n_1043, 15,16,0,-44,-146, not_tired
n_1043, 16,17,0,-38,-143, not_tired
n_1043, 16,16,1,-40,-139, not_tired
n_1043, 15,17,0,-41,-143, not_tired
n_1044, 11,6,0,-71,-136, not_tired
n_1044, 17,16,0,-44,-148, not_tired
n_1044, 15,16,0,-41,-143, not_tired
n_1044, 16,16,0,-41,-139, not_tired
n_1044, 14,15,0,-40,-142, not_tired
n_1044, 15,15,0,-35,-147, not_tired
n_1044, 14,16,0,-39,-149, not_tired
n_1044, 16,16,0,-44,-147, not_tired
n_1044, 16,11,0,-66,-137, not_tired
n_1044, 16,15,0,-42,-143, not_tired
n_1045, 15,16,0,-35,-147, not_tired
n_1045, 16,17,0,-39,-147, not_tired
n_1045, 16,16,0,-46,-147, not_tired
n_1045, 16,10,0,-65,-141, not_tired
n_1045, 16,17,0,-43,-143, not_tired
n_1045, 15,17,0,-47,-139, not_tired
n_1045, 16,17,0,-50,-144, not_tired
n_1045, 16,18,0,-53,-146, not_tired
n_1045, 15,15,0,-50,-143, not_tired
n_1045, 16,13,0,-48,-141, not_tired
n_1046, 16,18,0,-48,-141, not_tired
n_1046, 14,15,0,-46,-146, not_tired
n_1046, 16,18,0,-52,-145, not_tired
n_1046, 15,15,0,-51,-145, not_tired
n_1046, 14,14,0,-47,-143, not_tired
n_1046, 15,16,0,-48,-144, not_tired
n_1046, 14,15,0,-46,-144, not_tired
n_1046, 15,16,0,-46,-146, not_tired
n_1046, 16,16,0,-34,-146, not_tired
n_1046, 15,15,0,-34,-144, not_tired
n_1047, 14,16,1,-48,-143, not_tired
n_1047, 16,15,0,-44,-144, not_tired
n_1047, 15,15,0,-46,-146, not_tired
n_1047, 15,17,0,-33,-146, not_tired
n_1047, 15,15,0,-35,-146, not_tired
n_1047, 15,16,0,-35,-147, not_tired
n_1047, 18,18,0,-17,-150, not_tired
n_1047, 15,15,0,-45,-150, not_tired
n_1047, 14,15,0,-36,-149, not_tired
n_1047, 14,14,1,-48,-144, not_tired
n_1048, 16,16,1,-35,-147, not_tired
n_1048, 17,17,0,-17,-151, not_tired
n_1048, 16,16,0,-44,-151, not_tired
n_1048, 16,15,0,-34,-149, not_tired
n_1048, 14,16,1,-47,-144, not_tired
n_1048, 15,15,0,-42,-147, not_tired
n_1048, 16,14,1,-36,-146, not_tired
n_1048, 16,15,0,-40,-147, not_tired
n_1048, 15,14,0,-41,-143, not_tired
n_1048, 15,17,0,-40,-143, not_tired
n_1049, 16,16,0,-41,-147, not_tired
n_1049, 15,14,0,-34,-145, not_tired
n_1049, 15,17,0,-41,-146, not_tired
n_1049, 14,15,0,-40,-143, not_tired
n_1049, 16,16,0,-40,-140, not_tired
n_1049, 15,16,2,-63,-136, not_tired
n_1049, 16,17,0,-47,-151, not_tired
n_1049, 15,16,0,-37,-151, not_tired
n_1049, 15,15,0,-45,-143, not_tired
n_1049, 14,11,0,-26,-141, not_tired
n_105, 11,4,2,-26,-141, not_tired
n_105, 24,25,1,-32,-164, not_tired
n_105, 28,25,1,-36,-199, not_tired
n_105, 27,29,3,-36,-197, not_tired
n_105, 22,15,0,-28,-180, not_tired
n_105, 24,16,0,-20,-175, not_tired
n_105, 25,20,0,-31,-191, not_tired
n_105, 16,17,0,-37,-191, not_tired
n_105, 25,25,1,-39,-201, not_tired
n_105, 27,26,1,-35,-200, not_tired
n_1050, 0,0,0,0,0, not_tired
n_1050, 16,17,1,-43,-139, not_tired
n_1050, 16,16,0,-40,-151, not_tired
n_1050, 16,16,0,-43,-145, not_tired
n_1050, 16,13,1,-28,-144, not_tired
n_1050, 16,18,0,-40,-144, not_tired
n_1050, 14,16,0,-40,-143, not_tired
n_1050, 16,16,0,-38,-144, not_tired
n_1050, 13,15,1,-27,-146, not_tired
n_1050, 6,6,0,-10,-159, not_tired
n_1051, 16,17,0,-37,-147, not_tired
n_1051, 15,15,0,-39,-144, not_tired
n_1051, 15,16,0,-38,-145, not_tired
n_1051, 14,15,0,-27,-146, not_tired
n_1051, 8,7,0,-15,-162, not_tired
n_1051, 16,16,0,-40,-154, not_tired
n_1051, 16,15,0,-37,-143, not_tired
n_1051, 15,17,0,-60,-140, not_tired
n_1051, 14,13,0,-49,-140, not_tired
n_1051, 15,16,0,-58,-142, not_tired
n_1052, 16,17,0,-40,-153, not_tired
n_1052, 16,15,0,-38,-143, not_tired
n_1052, 15,16,0,-58,-142, not_tired
n_1052, 14,12,1,-50,-146, not_tired
n_1052, 16,18,0,-59,-143, not_tired
n_1052, 17,15,0,-41,-142, not_tired
n_1052, 15,16,0,-49,-145, not_tired
n_1052, 15,16,0,-43,-140, not_tired
n_1052, 15,15,0,-48,-142, not_tired
n_1052, 17,19,0,-56,-140, not_tired
n_1053, 16,14,0,-41,-141, not_tired
n_1053, 15,16,0,-52,-145, not_tired
n_1053, 15,14,0,-43,-139, not_tired
n_1053, 16,17,0,-47,-143, not_tired
n_1053, 18,17,0,-56,-140, not_tired
n_1053, 16,16,0,-56,-138, not_tired
n_1053, 16,14,0,-64,-136, not_tired
n_1053, 17,16,0,-54,-144, not_tired
n_1053, 17,17,0,-56,-143, not_tired
n_1053, 15,17,0,-54,-141, not_tired
n_1054, 9,9,0,-31,-139, not_tired
n_1054, 22,16,0,-6,-151, not_tired
n_1054, 3,3,1,5,-198, not_tired
n_1054, 4,3,14,8,-180, not_tired
n_1054, 5,2,1,-25,-202, not_tired
n_1054, 21,21,0,-11,-209, not_tired
n_1054, 20,21,0,-6,-216, not_tired
n_1054, 26,25,0,-1,-222, not_tired
n_1054, 23,23,0,13,-208, not_tired
n_1054, 23,27,0,-10,-213, not_tired
n_1055, 21,18,0,-20,-201, not_tired
n_1055, 14,17,0,-38,-204, not_tired
n_1055, 12,14,1,-47,-192, not_tired
n_1055, 21,21,11,-37,-207, not_tired
n_1055, 20,20,0,-40,-206, not_tired
n_1055, 21,19,12,-48,-203, not_tired
n_1055, 19,18,8,-54,-203, not_tired
n_1055, 18,18,8,-50,-202, not_tired
n_1055, 16,18,9,-61,-199, not_tired
n_1055, 19,20,9,-53,-197, not_tired
n_1056, 0,0,0,0,0, not_tired
n_1056, 20,21,0,-43,-210, not_tired
n_1056, 22,25,10,-16,-217, not_tired
n_1056, 0,0,0,0,0, not_tired
n_1056, 20,24,18,-21,-213, not_tired
n_1056, 16,19,36,-3,-208, not_tired
n_1056, 17,18,33,-12,-198, not_tired
n_1056, 17,20,35,-17,-204, not_tired
n_1056, 18,21,34,-16,-201, not_tired
n_1056, 18,20,31,-33,-205, not_tired
n_1057, 19,19,28,-44,-202, not_tired
n_1057, 17,18,26,-42,-198, not_tired
n_1057, 19,18,21,-51,-194, not_tired
n_1057, 17,17,16,-37,-196, not_tired
n_1057, 18,18,1,-35,-204, not_tired
n_1057, 18,19,0,-32,-206, not_tired
n_1057, 22,23,14,-33,-208, not_tired
n_1057, 20,21,21,-36,-202, not_tired
n_1057, 18,18,19,-41,-198, not_tired
n_1057, 19,18,15,-39,-203, not_tired
n_1058, 20,21,0,-37,-203, not_tired
n_1058, 19,20,0,-40,-195, not_tired
n_1058, 4,9,0,-31,-196, not_tired
n_1058, 20,20,0,-42,-200, not_tired
n_1058, 21,21,0,-32,-202, not_tired
n_1058, 20,18,0,-27,-195, not_tired
n_1058, 20,19,0,-26,-201, not_tired
n_1058, 17,11,9,-54,-181, not_tired
n_1058, 17,10,0,-58,-177, not_tired
n_1058, 17,15,3,-44,-180, not_tired
n_1059, 24,24,0,-25,-219, not_tired
n_1059, 22,20,1,-26,-209, not_tired
n_1059, 24,22,0,-29,-214, not_tired
n_1059, 19,18,1,-25,-203, not_tired
n_1059, 21,17,0,-28,-204, not_tired
n_1059, 21,17,0,-29,-203, not_tired
n_1059, 23,19,0,-33,-204, not_tired
n_1059, 21,20,0,-31,-203, not_tired
n_1059, 23,21,0,-28,-203, not_tired
n_1059, 20,17,1,-34,-202, not_tired
n_106, 14,17,1,-22,-187, not_tired
n_106, 21,22,1,-38,-190, not_tired
n_106, 25,25,1,-31,-200, not_tired
n_106, 25,26,0,-40,-194, not_tired
n_106, 25,27,0,-43,-189, not_tired
n_106, 25,25,1,-38,-191, not_tired
n_106, 26,27,0,-41,-192, not_tired
n_106, 25,27,1,-40,-192, not_tired
n_106, 23,22,0,-44,-190, not_tired
n_106, 25,25,1,-39,-194, not_tired
n_1060, 17,16,0,-43,-200, not_tired
n_1060, 13,19,0,-73,-194, not_tired
n_1060, 21,19,1,-21,-196, not_tired
n_1060, 19,21,0,-42,-201, not_tired
n_1060, 22,22,18,-33,-204, not_tired
n_1060, 22,22,18,-42,-200, not_tired
n_1060, 19,17,0,-54,-195, not_tired
n_1060, 18,17,9,-54,-199, not_tired
n_1060, 18,18,11,-60,-205, not_tired
n_1060, 1,0,17,-47,-201, not_tired
n_1061, 0,0,0,0,0, not_tired
n_1061, 21,23,1,-28,-210, not_tired
n_1061, 23,24,22,-12,-228, not_tired
n_1061, 0,0,0,0,0, not_tired
n_1061, 16,10,29,-45,-175, not_tired
n_1061, 0,0,0,0,0, not_tired
n_1061, 22,21,22,-45,-205, not_tired
n_1061, 21,22,0,-33,-209, not_tired
n_1061, 19,19,0,-33,-203, not_tired
n_1061, 19,17,0,-35,-202, not_tired
n_1062, 16,15,0,-43,-196, not_tired
n_1062, 23,24,1,-22,-217, not_tired
n_1062, 22,20,0,-41,-204, not_tired
n_1062, 20,19,0,-45,-202, not_tired
n_1062, 21,21,1,-39,-205, not_tired
n_1062, 21,17,0,-18,-196, not_tired
n_1062, 23,18,15,-22,-204, not_tired
n_1062, 21,17,15,-48,-202, not_tired
n_1062, 19,20,16,-33,-202, not_tired
n_1062, 21,20,7,-30,-209, not_tired
n_1063, 23,21,1,-25,-212, not_tired
n_1063, 19,16,13,-34,-204, not_tired
n_1063, 19,16,0,-32,-201, not_tired
n_1063, 18,16,9,-32,-199, not_tired
n_1063, 23,20,0,-18,-219, not_tired
n_1063, 21,19,15,-28,-214, not_tired
n_1063, 20,21,5,-10,-198, not_tired
n_1063, 18,19,28,-18,-207, not_tired
n_1063, 20,21,26,-13,-213, not_tired
n_1063, 17,17,26,-34,-204, not_tired
n_1064, 20,17,20,-45,-202, not_tired
n_1064, 16,17,11,-48,-201, not_tired
n_1064, 18,17,17,-45,-198, not_tired
n_1064, 18,17,0,-30,-205, not_tired
n_1064, 18,15,9,-25,-199, not_tired
n_1064, 17,16,0,-40,-200, not_tired
n_1064, 20,14,0,-27,-193, not_tired
n_1064, 17,7,1,-24,-191, not_tired
n_1064, 17,17,0,-46,-199, not_tired
n_1064, 18,14,0,-47,-197, not_tired
n_1065, 16,14,0,-54,-184, not_tired
n_1065, 22,19,8,-73,-190, not_tired
n_1065, 0,0,0,0,0, not_tired
n_1065, 25,22,8,-16,-219, not_tired
n_1065, 25,24,0,-2,-221, not_tired
n_1065, 24,25,0,-8,-218, not_tired
n_1065, 24,25,1,-7,-218, not_tired
n_1065, 23,22,0,-30,-208, not_tired
n_1065, 21,20,0,-37,-209, not_tired
n_1065, 22,20,0,-71,-199, not_tired
n_1066, 22,17,1,-81,-192, not_tired
n_1066, 17,13,0,-56,-198, not_tired
n_1066, 25,23,0,-4,-218, not_tired
n_1066, 24,26,0,-4,-218, not_tired
n_1066, 25,23,0,-37,-210, not_tired
n_1066, 21,17,0,-50,-200, not_tired
n_1066, 25,26,14,-19,-217, not_tired
n_1066, 25,26,20,1,-222, not_tired
n_1066, 20,15,24,-70,-193, not_tired
n_1066, 19,11,23,-50,-190, not_tired
n_1067, 17,15,0,-56,-186, not_tired
n_1067, 18,14,32,-53,-188, not_tired
n_1067, 19,15,26,-58,-185, not_tired
n_1067, 19,15,14,-73,-196, not_tired
n_1067, 20,19,0,-39,-204, not_tired
n_1067, 16,18,18,-24,-210, not_tired
n_1067, 24,22,0,13,-208, not_tired
n_1067, 19,19,20,-24,-206, not_tired
n_1067, 20,17,21,-34,-196, not_tired
n_1067, 0,0,0,0,0, not_tired
n_1068, 19,18,0,-45,-186, not_tired
n_1068, 17,6,1,-45,-188, not_tired
n_1068, 21,21,0,35,-206, not_tired
n_1068, 22,20,0,-39,-209, not_tired
n_1068, 23,23,0,25,-219, not_tired
n_1068, 22,22,0,-2,-219, not_tired
n_1068, 21,24,0,24,-214, not_tired
n_1068, 20,21,1,-20,-214, not_tired
n_1068, 21,18,0,-45,-204, not_tired
n_1068, 22,20,1,-20,-200, not_tired
n_1069, 23,23,4,2,-221, not_tired
n_1069, 22,19,5,-21,-204, not_tired
n_1069, 8,6,0,-4,-200, not_tired
n_1069, 23,22,13,-26,-204, not_tired
n_1069, 22,20,8,-23,-198, not_tired
n_1069, 19,14,14,7,-190, not_tired
n_1069, 24,24,14,-1,-216, not_tired
n_1069, 22,23,15,-6,-212, not_tired
n_1069, 21,22,8,5,-216, not_tired
n_1069, 25,21,0,-12,-209, not_tired
n_107, 25,26,1,-27,-202, not_tired
n_107, 26,23,0,-37,-204, not_tired
n_107, 22,19,0,-39,-195, not_tired
n_107, 25,24,1,-46,-198, not_tired
n_107, 25,24,0,-42,-197, not_tired
n_107, 22,23,1,-42,-198, not_tired
n_107, 25,26,0,-47,-197, not_tired
n_107, 25,25,0,-47,-193, not_tired
n_107, 25,26,0,-47,-186, not_tired
n_107, 27,25,1,-28,-180, not_tired
n_1070, 18,17,0,-16,-206, not_tired
n_1070, 22,24,0,0,-209, not_tired
n_1070, 22,23,0,-9,-207, not_tired
n_1070, 22,20,0,-11,-206, not_tired
n_1070, 21,21,0,-12,-202, not_tired
n_1070, 22,21,1,4,-216, not_tired
n_1070, 20,20,0,-17,-204, not_tired
n_1070, 20,20,0,-25,-200, not_tired
n_1070, 21,21,0,-26,-204, not_tired
n_1070, 21,19,0,-24,-201, not_tired
n_1071, 21,21,0,-27,-210, not_tired
n_1071, 20,20,1,-26,-215, not_tired
n_1071, 21,22,0,-25,-211, not_tired
n_1071, 20,23,17,-37,-205, not_tired
n_1071, 20,19,16,-46,-206, not_tired
n_1071, 18,17,0,-45,-201, not_tired
n_1071, 22,20,0,3,-195, not_tired
n_1071, 20,17,13,5,-205, not_tired
n_1071, 22,22,0,3,-210, not_tired
n_1071, 22,20,19,-6,-211, not_tired
n_1072, 21,20,13,-8,-213, not_tired
n_1072, 2,5,25,-22,-199, not_tired
n_1072, 18,18,23,-31,-203, not_tired
n_1072, 20,19,17,-31,-211, not_tired
n_1072, 20,20,4,-6,-208, not_tired
n_1072, 18,19,25,-27,-206, not_tired
n_1072, 19,17,22,-25,-200, not_tired
n_1072, 20,19,25,-23,-204, not_tired
n_1072, 21,21,24,2,-208, not_tired
n_1072, 18,18,3,-5,-216, not_tired
n_1073, 16,9,24,-30,-190, not_tired
n_1073, 21,21,2,-32,-207, not_tired
n_1073, 18,15,27,-41,-193, not_tired
n_1073, 18,19,0,-38,-200, not_tired
n_1073, 19,18,0,-20,-203, not_tired
n_1073, 21,18,0,-19,-205, not_tired
n_1073, 21,18,0,-27,-203, not_tired
n_1073, 24,21,22,-29,-203, not_tired
n_1073, 19,19,23,-36,-199, not_tired
n_1073, 19,19,19,-30,-203, not_tired
n_1074, 20,19,17,-32,-201, not_tired
n_1074, 20,18,20,-23,-208, not_tired
n_1074, 20,19,14,-26,-206, not_tired
n_1074, 18,18,31,-12,-207, not_tired
n_1074, 21,18,27,-22,-202, not_tired
n_1074, 18,18,28,-28,-204, not_tired
n_1074, 9,9,26,-29,-198, not_tired
n_1074, 19,17,0,-33,-201, not_tired
n_1074, 17,16,0,-30,-203, not_tired
n_1074, 17,19,1,-18,-205, not_tired
n_1075, 19,18,0,-24,-203, not_tired
n_1075, 20,18,0,-27,-209, not_tired
n_1075, 19,17,0,-28,-211, not_tired
n_1075, 20,18,0,-10,-205, not_tired
n_1075, 21,20,1,-12,-207, not_tired
n_1075, 16,15,8,-18,-204, not_tired
n_1075, 22,19,16,-26,-209, not_tired
n_1075, 23,20,18,-21,-212, not_tired
n_1075, 24,19,17,-21,-207, not_tired
n_1075, 22,19,18,-29,-200, not_tired
n_1076, 21,21,15,-15,-206, not_tired
n_1076, 20,19,17,-7,-200, not_tired
n_1076, 22,20,15,-9,-208, not_tired
n_1076, 26,24,1,-9,-221, not_tired
n_1076, 22,22,0,-10,-212, not_tired
n_1076, 22,21,0,-16,-210, not_tired
n_1076, 25,22,13,-10,-212, not_tired
n_1076, 17,18,1,-13,-208, not_tired
n_1076, 21,21,1,-19,-211, not_tired
n_1076, 21,18,1,-23,-202, not_tired
n_1077, 21,20,0,-22,-205, not_tired
n_1077, 18,16,0,-34,-199, not_tired
n_1077, 20,17,1,-28,-201, not_tired
n_1077, 22,21,17,-35,-201, not_tired
n_1077, 23,23,0,13,-207, not_tired
n_1077, 23,24,0,14,-209, not_tired
n_1077, 22,23,0,-10,-211, not_tired
n_1077, 22,21,1,-32,-204, not_tired
n_1077, 23,20,0,-19,-205, not_tired
n_1077, 23,20,15,-27,-205, not_tired
n_1078, 21,21,1,-29,-210, not_tired
n_1078, 24,23,0,-15,-221, not_tired
n_1078, 24,23,0,-19,-209, not_tired
n_1078, 24,22,0,-23,-215, not_tired
n_1078, 23,21,0,-30,-212, not_tired
n_1078, 22,21,0,-29,-208, not_tired
n_1078, 20,20,0,-39,-202, not_tired
n_1078, 19,16,9,-34,-203, not_tired
n_1078, 20,19,0,-25,-207, not_tired
n_1078, 18,19,1,-25,-208, not_tired
n_1079, 22,18,0,-38,-208, not_tired
n_1079, 21,19,1,-32,-205, not_tired
n_1079, 21,19,19,-31,-204, not_tired
n_1079, 20,21,3,-10,-205, not_tired
n_1079, 18,18,11,-5,-197, not_tired
n_1079, 20,17,5,-3,-206, not_tired
n_1079, 22,18,0,-9,-203, not_tired
n_1079, 23,21,19,2,-217, not_tired
n_1079, 22,19,1,1,-200, not_tired
n_1079, 20,18,22,-5,-201, not_tired
n_108, 23,23,0,-35,-159, not_tired
n_108, 23,19,0,-35,-151, not_tired
n_108, 20,18,0,-30,-163, not_tired
n_108, 20,20,0,-48,-175, not_tired
n_108, 25,24,0,-50,-194, not_tired
n_108, 25,24,1,-49,-175, not_tired
n_108, 24,23,0,-46,-162, not_tired
n_108, 24,19,0,-49,-164, not_tired
n_108, 23,20,1,-52,-168, not_tired
n_108, 24,11,0,-53,-172, not_tired
n_1080, 19,20,1,-5,-211, not_tired
n_1080, 25,23,0,2,-216, not_tired
n_1080, 21,22,18,-25,-211, not_tired
n_1080, 20,18,23,-9,-202, not_tired
n_1080, 7,6,0,8,-210, not_tired
n_1080, 20,20,10,-20,-206, not_tired
n_1080, 1,0,3,-18,-200, not_tired
n_1080, 22,19,0,-15,-203, not_tired
n_1080, 21,19,1,-5,-202, not_tired
n_1080, 2,2,0,23,-215, not_tired
n_1081, 23,21,0,-21,-205, not_tired
n_1081, 21,22,1,-17,-207, not_tired
n_1081, 16,13,1,-16,-203, not_tired
n_1081, 22,25,14,-9,-220, not_tired
n_1081, 22,23,0,-23,-211, not_tired
n_1081, 20,23,24,-26,-211, not_tired
n_1081, 20,21,24,-12,-213, not_tired
n_1081, 22,23,30,-10,-211, not_tired
n_1081, 19,22,1,-18,-215, not_tired
n_1081, 24,21,9,-11,-218, not_tired
n_1082, 17,18,0,-34,-201, not_tired
n_1082, 16,14,1,-31,-203, not_tired
n_1082, 18,16,0,-36,-203, not_tired
n_1082, 17,18,18,-40,-207, not_tired
n_1082, 20,19,18,-18,-210, not_tired
n_1082, 23,21,15,-13,-218, not_tired
n_1082, 24,20,0,-10,-216, not_tired
n_1082, 19,17,5,-27,-204, not_tired
n_1082, 17,14,18,-32,-210, not_tired
n_1082, 17,16,0,-38,-206, not_tired
n_1083, 18,16,15,-50,-191, not_tired
n_1083, 16,16,0,-44,-191, not_tired
n_1083, 19,16,0,-56,-185, not_tired
n_1083, 19,15,0,-57,-183, not_tired
n_1083, 16,15,1,-62,-186, not_tired
n_1083, 18,13,0,-80,-176, not_tired
n_1083, 15,13,21,-72,-178, not_tired
n_1083, 17,15,1,-72,-176, not_tired
n_1083, 16,12,0,-69,-180, not_tired
n_1083, 17,13,14,-48,-187, not_tired
n_1084, 16,14,1,-66,-188, not_tired
n_1084, 13,5,1,-76,-175, not_tired
n_1084, 12,7,6,-50,-169, not_tired
n_1084, 17,5,12,-39,-170, not_tired
n_1084, 23,18,10,20,-196, not_tired
n_1084, 14,6,1,-89,-185, not_tired
n_1084, 10,10,2,-53,-178, not_tired
n_1084, 23,22,15,29,-206, not_tired
n_1084, 16,16,2,-36,-195, not_tired
n_1084, 21,22,0,-9,-222, not_tired
n_1085, 18,18,16,-27,-189, not_tired
n_1085, 20,18,14,-19,-204, not_tired
n_1085, 24,23,13,-19,-215, not_tired
n_1085, 23,19,0,-18,-210, not_tired
n_1085, 20,19,0,-32,-206, not_tired
n_1085, 18,16,1,-37,-200, not_tired
n_1085, 19,17,1,-6,-195, not_tired
n_1085, 19,13,0,-3,-194, not_tired
n_1085, 21,19,0,-28,-210, not_tired
n_1085, 21,20,0,-27,-208, not_tired
n_1086, 18,16,38,-13,-204, not_tired
n_1086, 19,20,38,-16,-210, not_tired
n_1086, 20,19,32,-21,-202, not_tired
n_1086, 0,0,0,0,0, not_tired
n_1086, 21,18,12,-33,-196, not_tired
n_1086, 19,20,1,-25,-211, not_tired
n_1086, 15,12,24,-38,-189, not_tired
n_1086, 25,24,22,-25,-211, not_tired
n_1086, 22,19,1,-20,-204, not_tired
n_1086, 19,20,0,-26,-206, not_tired
n_1087, 23,21,28,-22,-204, not_tired
n_1087, 21,23,21,-11,-216, not_tired
n_1087, 21,19,16,-15,-210, not_tired
n_1087, 26,25,31,-13,-215, not_tired
n_1087, 21,20,33,-9,-205, not_tired
n_1087, 21,20,24,-17,-209, not_tired
n_1087, 21,20,34,-18,-204, not_tired
n_1087, 21,21,35,-4,-212, not_tired
n_1087, 21,20,33,-21,-207, not_tired
n_1087, 14,14,3,-12,-208, not_tired
n_1088, 23,22,1,-16,-210, not_tired
n_1088, 20,20,1,-15,-209, not_tired
n_1088, 21,21,13,-25,-205, not_tired
n_1088, 21,20,16,-31,-204, not_tired
n_1088, 21,21,1,-32,-206, not_tired
n_1088, 22,16,0,-29,-197, not_tired
n_1088, 21,18,3,-31,-206, not_tired
n_1088, 22,20,17,-31,-204, not_tired
n_1088, 21,19,19,-31,-202, not_tired
n_1088, 20,17,19,-31,-202, not_tired
n_1089, 18,17,17,-29,-200, not_tired
n_1089, 19,17,0,-24,-196, not_tired
n_1089, 20,20,1,-28,-223, not_tired
n_1089, 19,18,1,-39,-200, not_tired
n_1089, 18,16,1,-33,-194, not_tired
n_1089, 20,17,0,-38,-200, not_tired
n_1089, 13,13,1,-32,-195, not_tired
n_1089, 17,15,10,-38,-197, not_tired
n_1089, 19,16,1,-35,-197, not_tired
n_1089, 19,16,10,-35,-199, not_tired
n_109, 15,9,0,-38,-152, not_tired
n_109, 26,13,0,-79,-162, not_tired
n_109, 26,12,1,-89,-156, not_tired
n_109, 21,19,0,-64,-182, not_tired
n_109, 24,23,0,-51,-181, not_tired
n_109, 7,7,1,-49,-191, not_tired
n_109, 0,0,0,0,0, not_tired
n_109, 20,13,0,-57,-163, not_tired
n_109, 24,20,0,-47,-188, not_tired
n_109, 5,10,0,-42,-207, not_tired
n_1090, 0,0,0,0,0, not_tired
n_1090, 19,15,9,-41,-188, not_tired
n_1090, 19,16,13,-39,-196, not_tired
n_1090, 17,15,3,-40,-197, not_tired
n_1090, 18,13,0,-11,-189, not_tired
n_1090, 20,14,13,-37,-198, not_tired
n_1090, 17,13,17,-39,-192, not_tired
n_1090, 26,18,14,-37,-203, not_tired
n_1090, 19,16,0,-36,-198, not_tired
n_1090, 16,14,0,-35,-189, not_tired
n_1091, 20,15,1,-31,-202, not_tired
n_1091, 19,16,13,-24,-193, not_tired
n_1091, 17,14,14,-35,-195, not_tired
n_1091, 23,17,3,-10,-209, not_tired
n_1091, 24,20,8,-9,-218, not_tired
n_1091, 25,23,10,-10,-223, not_tired
n_1091, 21,18,9,-24,-202, not_tired
n_1091, 21,17,7,-29,-200, not_tired
n_1091, 20,19,0,-30,-203, not_tired
n_1091, 19,17,0,-27,-199, not_tired
n_1092, 19,17,14,-28,-201, not_tired
n_1092, 19,16,10,-28,-202, not_tired
n_1092, 18,17,0,-32,-199, not_tired
n_1092, 20,15,0,-32,-202, not_tired
n_1092, 18,17,12,-38,-197, not_tired
n_1092, 18,17,10,-35,-202, not_tired
n_1092, 19,18,16,-40,-204, not_tired
n_1092, 19,16,2,-42,-200, not_tired
n_1092, 19,15,15,-31,-194, not_tired
n_1092, 20,17,0,-36,-199, not_tired
n_1093, 22,17,10,-38,-201, not_tired
n_1093, 21,16,9,-38,-198, not_tired
n_1093, 17,16,14,-40,-193, not_tired
n_1093, 20,19,15,-31,-208, not_tired
n_1093, 20,16,5,-37,-196, not_tired
n_1093, 21,18,0,-31,-202, not_tired
n_1093, 20,17,14,-34,-199, not_tired
n_1093, 22,17,1,-40,-203, not_tired
n_1093, 21,15,11,-48,-195, not_tired
n_1093, 20,20,11,-51,-206, not_tired
n_1094, 17,20,10,-38,-203, not_tired
n_1094, 21,22,14,-14,-209, not_tired
n_1094, 24,20,15,26,-206, not_tired
n_1094, 21,21,0,-16,-214, not_tired
n_1094, 23,23,1,-10,-205, not_tired
n_1094, 23,23,1,-16,-203, not_tired
n_1094, 22,20,1,-33,-199, not_tired
n_1094, 21,20,0,-27,-202, not_tired
n_1094, 21,22,0,-17,-204, not_tired
n_1094, 23,19,1,-20,-203, not_tired
n_1095, 21,18,0,-33,-203, not_tired
n_1095, 17,18,0,-32,-198, not_tired
n_1095, 18,16,0,-41,-199, not_tired
n_1095, 17,15,0,-38,-200, not_tired
n_1095, 18,18,1,-42,-200, not_tired
n_1095, 22,18,0,-38,-200, not_tired
n_1095, 20,18,1,-32,-199, not_tired
n_1095, 19,18,10,-21,-202, not_tired
n_1095, 20,18,10,-21,-202, not_tired
n_1095, 19,18,18,-19,-202, not_tired
n_1096, 16,16,8,-25,-205, not_tired
n_1096, 16,15,0,-37,-200, not_tired
n_1096, 17,15,12,-28,-205, not_tired
n_1096, 23,21,13,-27,-218, not_tired
n_1096, 17,16,0,-17,-203, not_tired
n_1096, 19,16,14,-33,-200, not_tired
n_1096, 26,20,0,-27,-208, not_tired
n_1096, 23,18,13,-39,-201, not_tired
n_1096, 24,19,12,-34,-204, not_tired
n_1096, 22,20,1,-8,-214, not_tired
n_1097, 23,23,0,-26,-216, not_tired
n_1097, 21,20,2,-28,-201, not_tired
n_1097, 21,21,11,-22,-214, not_tired
n_1097, 17,13,10,-29,-200, not_tired
n_1097, 14,16,13,-39,-197, not_tired
n_1097, 17,18,7,-43,-193, not_tired
n_1097, 17,15,10,-41,-198, not_tired
n_1097, 18,16,12,-43,-200, not_tired
n_1097, 19,17,12,-34,-204, not_tired
n_1097, 20,21,0,-19,-224, not_tired
n_1098, 16,19,7,-14,-187, not_tired
n_1098, 19,17,1,-27,-202, not_tired
n_1098, 18,16,11,-28,-200, not_tired
n_1098, 18,16,0,-29,-204, not_tired
n_1098, 17,15,12,-36,-198, not_tired
n_1098, 23,21,1,-2,-210, not_tired
n_1098, 23,23,0,-19,-219, not_tired
n_1098, 21,22,0,-19,-210, not_tired
n_1098, 20,18,0,-19,-203, not_tired
n_1098, 20,20,14,-24,-205, not_tired
n_1099, 18,18,0,-27,-205, not_tired
n_1099, 19,18,0,-34,-204, not_tired
n_1099, 21,20,1,-23,-211, not_tired
n_1099, 21,22,17,-20,-206, not_tired
n_1099, 22,19,1,-21,-206, not_tired
n_1099, 19,16,13,-20,-201, not_tired
n_1099, 20,18,12,-23,-204, not_tired
n_1099, 20,16,12,-13,-197, not_tired
n_1099, 21,17,12,-11,-197, not_tired
n_1099, 22,17,11,-10,-203, not_tired
n_11, 0,0,0,0,0, not_tired
n_11, 11,17,18,22,-198, not_tired
n_11, 14,11,7,-38,-191, not_tired
n_11, 6,11,0,18,-197, not_tired
n_11, 7,10,8,-50,-183, not_tired
n_11, 12,12,0,-37,-190, not_tired
n_11, 0,0,0,0,0, not_tired
n_11, 13,13,24,-34,-201, not_tired
n_11, 12,9,11,-28,-189, not_tired
n_11, 13,11,3,-26,-194, not_tired
n_110, 0,0,0,0,0, not_tired
n_110, 27,24,1,-43,-196, not_tired
n_110, 26,26,1,-44,-205, not_tired
n_110, 23,23,1,-41,-205, not_tired
n_110, 26,25,0,-38,-205, not_tired
n_110, 27,25,0,-40,-206, not_tired
n_110, 26,25,0,-38,-205, not_tired
n_110, 26,27,0,-39,-207, not_tired
n_110, 29,25,0,-40,-206, not_tired
n_110, 27,25,1,-42,-208, not_tired
n_111, 27,25,1,-40,-205, not_tired
n_111, 28,25,1,-39,-205, not_tired
n_111, 26,26,0,-39,-204, not_tired
n_111, 26,24,1,-39,-207, not_tired
n_111, 4,1,0,-40,-202, not_tired
n_111, 27,25,1,-38,-206, not_tired
n_111, 0,0,0,0,0, not_tired
n_111, 20,9,0,-81,-151, not_tired
n_111, 22,22,1,-47,-180, not_tired
n_111, 25,24,0,-52,-194, not_tired
n_112, 18,20,0,-53,-195, not_tired
n_112, 27,21,0,-47,-199, not_tired
n_112, 25,21,1,-50,-202, not_tired
n_112, 23,24,1,-45,-201, not_tired
n_112, 24,24,1,-45,-201, not_tired
n_112, 26,26,1,-42,-200, not_tired
n_112, 0,0,0,0,0, not_tired
n_112, 0,0,0,0,0, not_tired
n_112, 0,0,0,0,0, not_tired
n_112, 0,0,0,0,0, not_tired
n_113, 0,0,0,0,0, not_tired
n_113, 24,25,1,-45,-194, not_tired
n_113, 26,27,1,-53,-200, not_tired
n_113, 26,28,1,-47,-209, not_tired
n_113, 25,26,1,-47,-207, not_tired
n_113, 26,26,1,-48,-207, not_tired
n_113, 26,26,1,-46,-207, not_tired
n_113, 25,26,0,-47,-207, not_tired
n_113, 27,26,0,-47,-209, not_tired
n_113, 27,27,1,-46,-208, not_tired
n_114, 11,19,1,-43,-207, not_tired
n_114, 24,27,1,-47,-209, not_tired
n_114, 23,27,0,-47,-212, not_tired
n_114, 26,22,0,-45,-211, not_tired
n_114, 27,25,0,-43,-215, not_tired
n_114, 27,27,1,-45,-212, not_tired
n_114, 28,26,1,-44,-213, not_tired
n_114, 27,27,0,-43,-211, not_tired
n_114, 25,25,1,-41,-208, not_tired
n_114, 26,29,0,-42,-195, not_tired
n_115, 27,29,1,-44,-196, not_tired
n_115, 27,28,1,-38,-203, not_tired
n_115, 26,16,0,-39,-197, not_tired
n_115, 0,0,0,0,0, not_tired
n_115, 0,0,0,0,0, not_tired
n_115, 0,0,0,0,0, not_tired
n_115, 0,0,0,0,0, not_tired
n_115, 0,0,0,0,0, not_tired
n_115, 0,0,0,0,0, not_tired
n_115, 20,15,1,-67,-170, not_tired
n_116, 26,22,0,-47,-204, not_tired
n_116, 26,25,0,-48,-207, not_tired
n_116, 21,14,0,-57,-193, not_tired
n_116, 0,0,0,0,0, not_tired
n_116, 22,14,0,-63,-167, not_tired
n_116, 22,11,1,-68,-169, not_tired
n_116, 22,8,1,-72,-170, not_tired
n_116, 21,20,0,-42,-197, not_tired
n_116, 26,25,0,-47,-207, not_tired
n_116, 24,28,1,-45,-207, not_tired
n_117, 25,22,0,-46,-208, not_tired
n_117, 24,27,1,-42,-211, not_tired
n_117, 26,23,1,-46,-206, not_tired
n_117, 24,18,0,-47,-207, not_tired
n_117, 25,25,1,-43,-206, not_tired
n_117, 25,26,1,-40,-208, not_tired
n_117, 27,24,1,-44,-209, not_tired
n_117, 27,24,0,-42,-210, not_tired
n_117, 25,26,0,-42,-212, not_tired
n_117, 27,17,0,-43,-201, not_tired
n_118, 0,0,0,0,0, not_tired
n_118, 26,14,1,-54,-170, not_tired
n_118, 27,12,0,-51,-184, not_tired
n_118, 27,10,1,-53,-185, not_tired
n_118, 23,10,1,-50,-184, not_tired
n_118, 25,7,1,-60,-185, not_tired
n_118, 25,12,0,-54,-186, not_tired
n_118, 26,14,1,-54,-186, not_tired
n_118, 26,11,0,-54,-184, not_tired
n_118, 25,6,0,-58,-183, not_tired
n_119, 26,7,0,-58,-188, not_tired
n_119, 3,3,1,-49,-197, not_tired
n_119, 4,5,0,-57,-190, not_tired
n_119, 0,0,0,0,0, not_tired
n_119, 24,12,1,-87,-143, not_tired
n_119, 26,22,1,-73,-174, not_tired
n_119, 26,25,0,-64,-186, not_tired
n_119, 25,24,0,-64,-192, not_tired
n_119, 25,25,0,-61,-199, not_tired
n_119, 26,27,0,-58,-199, not_tired
n_12, 0,0,0,0,0, not_tired
n_12, 12,11,11,-21,-183, not_tired
n_12, 14,13,8,-20,-187, not_tired
n_12, 15,11,4,-27,-192, not_tired
n_12, 16,13,11,-26,-191, not_tired
n_12, 12,11,0,-81,-189, not_tired
n_12, 0,0,0,0,0, not_tired
n_12, 13,3,5,-51,-133, not_tired
n_12, 12,4,11,-48,-138, not_tired
n_12, 11,4,5,-42,-139, not_tired
n_120, 0,0,0,0,0, not_tired
n_120, 26,23,0,-56,-185, not_tired
n_120, 17,20,0,-57,-197, not_tired
n_120, 25,23,0,-57,-200, not_tired
n_120, 26,24,1,-55,-202, not_tired
n_120, 24,24,0,-48,-198, not_tired
n_120, 26,21,0,-44,-193, not_tired
n_120, 24,14,1,-32,-191, not_tired
n_120, 16,18,0,-38,-187, not_tired
n_120, 19,17,0,-49,-191, not_tired
n_121, 25,25,0,-55,-197, not_tired
n_121, 27,29,0,-52,-209, not_tired
n_121, 23,23,1,-31,-200, not_tired
n_121, 28,25,4,-34,-212, not_tired
n_121, 28,28,1,-17,-230, not_tired
n_121, 29,25,1,-13,-199, not_tired
n_121, 24,25,0,-41,-213, not_tired
n_121, 26,26,1,-44,-193, not_tired
n_121, 15,19,0,-31,-178, not_tired
n_121, 28,24,0,-26,-193, not_tired
n_122, 25,18,0,-43,-190, not_tired
n_122, 20,18,0,-39,-196, not_tired
n_122, 11,4,1,-28,-193, not_tired
n_122, 22,21,0,-31,-196, not_tired
n_122, 25,19,0,-24,-196, not_tired
n_122, 26,20,1,-34,-191, not_tired
n_122, 25,24,0,-36,-199, not_tired
n_122, 24,23,0,-42,-189, not_tired
n_122, 25,26,0,-44,-187, not_tired
n_122, 23,17,1,-43,-178, not_tired
n_123, 22,19,0,-47,-187, not_tired
n_123, 23,21,1,-36,-183, not_tired
n_123, 25,21,0,-25,-180, not_tired
n_123, 25,16,1,-29,-184, not_tired
n_123, 27,24,1,-31,-201, not_tired
n_123, 25,24,1,-33,-206, not_tired
n_123, 22,20,1,-23,-195, not_tired
n_123, 27,23,1,-20,-197, not_tired
n_123, 26,26,1,-28,-192, not_tired
n_123, 26,24,1,-32,-185, not_tired
n_124, 25,24,1,-29,-186, not_tired
n_124, 25,26,1,-26,-193, not_tired
n_124, 24,23,1,-28,-191, not_tired
n_124, 25,26,0,1,-200, not_tired
n_124, 26,24,0,-8,-201, not_tired
n_124, 28,26,1,-11,-207, not_tired
n_124, 26,25,0,-20,-199, not_tired
n_124, 24,26,0,-28,-194, not_tired
n_124, 26,24,1,-33,-193, not_tired
n_124, 25,25,0,-23,-195, not_tired
n_125, 21,25,0,-25,-192, not_tired
n_125, 26,26,1,-31,-193, not_tired
n_125, 25,25,1,-33,-192, not_tired
n_125, 25,25,1,-30,-193, not_tired
n_125, 23,25,1,-29,-195, not_tired
n_125, 24,26,1,-29,-192, not_tired
n_125, 25,27,1,-29,-198, not_tired
n_125, 26,25,1,-29,-195, not_tired
n_125, 25,26,1,-38,-194, not_tired
n_125, 25,23,0,-40,-167, not_tired
n_126, 24,23,1,-41,-174, not_tired
n_126, 25,23,0,-42,-174, not_tired
n_126, 25,22,0,-38,-165, not_tired
n_126, 25,23,0,-35,-172, not_tired
n_126, 25,21,1,-33,-164, not_tired
n_126, 4,7,0,-39,-177, not_tired
n_126, 26,20,0,-38,-172, not_tired
n_126, 24,24,0,-29,-189, not_tired
n_126, 24,26,0,-28,-185, not_tired
n_126, 13,12,0,-28,-179, not_tired
n_127, 27,26,0,-24,-196, not_tired
n_127, 26,27,0,-31,-187, not_tired
n_127, 26,25,1,-21,-197, not_tired
n_127, 24,24,0,-28,-190, not_tired
n_127, 24,27,1,-19,-189, not_tired
n_127, 25,25,0,-22,-173, not_tired
n_127, 23,25,0,-21,-169, not_tired
n_127, 22,24,0,-17,-171, not_tired
n_127, 0,0,0,0,0, not_tired
n_127, 24,28,0,-37,-153, not_tired
n_128, 26,26,1,-23,-191, not_tired
n_128, 28,26,0,-22,-188, not_tired
n_128, 28,27,0,-27,-186, not_tired
n_128, 26,25,0,-38,-182, not_tired
n_128, 30,24,0,-36,-187, not_tired
n_128, 28,24,0,-36,-185, not_tired
n_128, 31,26,1,-42,-198, not_tired
n_128, 28,24,1,-38,-199, not_tired
n_128, 0,0,0,0,0, not_tired
n_128, 0,0,0,0,0, not_tired
n_129, 24,23,0,-40,-160, not_tired
n_129, 30,28,0,-39,-187, not_tired
n_129, 28,26,0,-35,-184, not_tired
n_129, 27,26,0,-42,-180, not_tired
n_129, 23,24,0,-43,-172, not_tired
n_129, 27,26,0,-23,-181, not_tired
n_129, 26,22,1,-43,-196, not_tired
n_129, 30,27,0,-37,-200, not_tired
n_129, 27,26,0,-33,-196, not_tired
n_129, 14,12,1,-32,-178, not_tired
n_13, 0,0,0,0,0, not_tired
n_13, 16,13,0,-23,-183, not_tired
n_13, 17,14,0,-26,-188, not_tired
n_13, 17,14,0,-25,-189, not_tired
n_13, 17,14,1,-27,-191, not_tired
n_13, 16,13,0,-26,-195, not_tired
n_13, 17,13,0,-23,-195, not_tired
n_13, 16,13,1,-23,-193, not_tired
n_13, 17,15,0,-25,-195, not_tired
n_13, 12,15,0,35,-199, not_tired
n_130, 0,0,0,0,0, not_tired
n_130, 26,27,0,-41,-154, not_tired
n_130, 23,22,1,-59,-168, not_tired
n_130, 22,12,0,-67,-161, not_tired
n_130, 25,26,1,-44,-176, not_tired
n_130, 26,26,0,-37,-178, not_tired
n_130, 28,27,0,-35,-191, not_tired
n_130, 28,27,2,-19,-166, not_tired
n_130, 28,26,1,-43,-211, not_tired
n_130, 23,14,0,-40,-198, not_tired
n_131, 29,28,0,-43,-211, not_tired
n_131, 28,27,0,-35,-200, not_tired
n_131, 28,29,0,-28,-202, not_tired
n_131, 29,28,0,-33,-191, not_tired
n_131, 16,10,0,-30,-191, not_tired
n_131, 26,28,0,5,-190, not_tired
n_131, 26,28,0,22,-180, not_tired
n_131, 31,33,0,43,-199, not_tired
n_131, 25,30,0,36,-191, not_tired
n_131, 27,28,0,37,-188, not_tired
n_132, 28,26,0,-34,-179, not_tired
n_132, 29,27,0,-29,-189, not_tired
n_132, 27,29,0,-19,-189, not_tired
n_132, 28,27,1,-7,-201, not_tired
n_132, 30,29,0,-17,-194, not_tired
n_132, 31,27,0,-17,-179, not_tired
n_132, 27,27,0,-21,-175, not_tired
n_132, 29,28,0,-18,-191, not_tired
n_132, 27,23,0,-20,-180, not_tired
n_132, 28,26,0,-15,-184, not_tired
n_133, 29,25,1,-16,-184, not_tired
n_133, 27,26,0,-28,-177, not_tired
n_133, 29,25,0,-9,-187, not_tired
n_133, 29,29,0,2,-186, not_tired
n_133, 28,30,1,13,-200, not_tired
n_133, 28,29,0,22,-213, not_tired
n_133, 11,20,2,1,-188, not_tired
n_133, 26,24,0,15,-191, not_tired
n_133, 19,20,1,0,-208, not_tired
n_133, 26,27,0,-22,-178, not_tired
n_134, 26,28,0,-6,-176, not_tired
n_134, 27,23,0,0,-172, not_tired
n_134, 26,27,0,-13,-182, not_tired
n_134, 26,25,0,15,-167, not_tired
n_134, 26,24,0,-3,-172, not_tired
n_134, 28,25,1,-7,-175, not_tired
n_134, 26,28,0,-14,-181, not_tired
n_134, 29,27,0,-20,-181, not_tired
n_134, 21,7,0,-60,-194, not_tired
n_134, 25,25,0,-29,-199, not_tired
n_135, 27,26,0,-21,-196, not_tired
n_135, 25,26,0,-27,-177, not_tired
n_135, 25,25,0,-25,-181, not_tired
n_135, 25,24,0,-21,-184, not_tired
n_135, 26,27,0,-14,-195, not_tired
n_135, 25,23,0,-15,-182, not_tired
n_135, 27,27,0,-19,-189, not_tired
n_135, 11,13,0,-13,-182, not_tired
n_135, 25,27,0,-24,-195, not_tired
n_135, 27,23,0,-41,-173, not_tired
n_136, 0,0,0,0,0, not_tired
n_136, 13,8,0,-55,-154, not_tired
n_136, 0,0,0,0,0, not_tired
n_136, 19,10,0,-62,-119, not_tired
n_136, 22,22,2,-59,-174, not_tired
n_136, 0,0,0,0,0, not_tired
n_136, 21,19,0,-9,-147, not_tired
n_136, 0,0,0,0,0, not_tired
n_136, 0,0,0,0,0, not_tired
n_136, 0,0,0,0,0, not_tired
n_137, 23,23,0,-25,-168, not_tired
n_137, 23,24,0,-28,-181, not_tired
n_137, 24,21,0,-32,-170, not_tired
n_137, 25,23,1,-54,-171, not_tired
n_137, 26,27,0,-36,-189, not_tired
n_137, 27,28,0,-30,-201, not_tired
n_137, 24,28,0,-35,-185, not_tired
n_137, 25,27,0,-35,-195, not_tired
n_137, 25,28,0,-38,-193, not_tired
n_137, 25,24,1,-34,-191, not_tired
n_138, 23,15,1,-65,-187, not_tired
n_138, 14,12,0,-71,-176, not_tired
n_138, 18,13,2,-78,-185, not_tired
n_138, 14,13,0,-79,-186, not_tired
n_138, 25,20,1,-44,-206, not_tired
n_138, 0,0,0,0,0, not_tired
n_138, 27,24,0,-43,-192, not_tired
n_138, 26,25,0,-35,-192, not_tired
n_138, 19,11,1,-103,-171, not_tired
n_138, 26,22,1,-56,-191, not_tired
n_139, 30,26,1,-17,-213, not_tired
n_139, 18,24,1,-34,-161, not_tired
n_139, 24,24,0,-27,-179, not_tired
n_139, 25,24,0,-41,-171, not_tired
n_139, 24,23,1,-42,-185, not_tired
n_139, 26,23,1,-55,-190, not_tired
n_139, 26,23,0,-54,-171, not_tired
n_139, 25,23,1,-55,-174, not_tired
n_139, 27,26,0,-43,-190, not_tired
n_139, 25,23,0,-44,-208, not_tired
n_14, 0,0,0,0,0, not_tired
n_14, 4,11,0,20,-199, not_tired
n_14, 6,8,0,10,-202, not_tired
n_14, 7,3,0,15,-213, not_tired
n_14, 6,8,1,41,-192, not_tired
n_14, 2,3,16,-8,-220, not_tired
n_14, 7,8,11,1,-213, not_tired
n_14, 12,13,1,-51,-188, not_tired
n_14, 12,12,14,-40,-179, not_tired
n_14, 10,16,1,20,-210, not_tired
n_140, 0,0,0,0,0, not_tired
n_140, 23,19,0,-39,-183, not_tired
n_140, 9,13,1,-45,-192, not_tired
n_140, 21,15,1,-18,-183, not_tired
n_140, 23,20,0,-36,-191, not_tired
n_140, 22,19,0,-53,-188, not_tired
n_140, 23,21,0,-39,-189, not_tired
n_140, 23,19,0,-44,-187, not_tired
n_140, 24,20,0,-35,-189, not_tired
n_140, 23,19,0,-65,-178, not_tired
n_141, 29,23,0,-75,-188, not_tired
n_141, 30,26,0,-52,-206, not_tired
n_141, 26,23,1,-45,-209, not_tired
n_141, 27,25,0,-49,-207, not_tired
n_141, 27,24,0,-55,-200, not_tired
n_141, 20,19,0,-71,-189, not_tired
n_141, 0,0,0,0,0, not_tired
n_141, 13,10,8,-64,143, not_tired
n_141, 5,9,41,-61,156, not_tired
n_141, 0,0,0,0,0, not_tired
n_142, 24,15,1,-56,-175, not_tired
n_142, 23,20,0,-47,-176, not_tired
n_142, 25,20,1,-59,-193, not_tired
n_142, 22,13,1,-75,-163, not_tired
n_142, 21,18,0,-55,-173, not_tired
n_142, 16,6,0,-100,-152, not_tired
n_142, 0,0,0,0,0, not_tired
n_142, 20,7,1,-58,-176, not_tired
n_142, 20,12,1,-74,-170, not_tired
n_142, 20,19,0,-59,-174, not_tired
n_143, 21,17,0,-62,-138, not_tired
n_143, 22,23,0,-64,-163, not_tired
n_143, 28,25,0,-57,-184, not_tired
n_143, 25,13,0,-81,-192, not_tired
n_143, 16,14,6,-87,-167, not_tired
n_143, 24,28,0,-66,-193, not_tired
n_143, 26,29,0,-51,-198, not_tired
n_143, 25,26,0,-56,-195, not_tired
n_143, 27,24,0,-54,-197, not_tired
n_143, 7,14,1,-75,-192, not_tired
n_144, 13,20,0,-64,-195, not_tired
n_144, 26,26,0,-50,-188, not_tired
n_144, 27,23,0,-50,-202, not_tired
n_144, 27,27,0,-49,-192, not_tired
n_144, 19,16,0,-70,-157, not_tired
n_144, 24,20,1,-73,-168, not_tired
n_144, 22,17,0,-95,-177, not_tired
n_144, 22,19,1,-86,-187, not_tired
n_144, 27,20,0,-57,-199, not_tired
n_144, 26,28,1,6,-174, not_tired
n_145, 23,24,0,-26,-194, not_tired
n_145, 0,0,0,0,0, not_tired
n_145, 26,20,0,-62,-167, not_tired
n_145, 24,19,0,-40,-183, not_tired
n_145, 23,19,1,-53,-185, not_tired
n_145, 22,19,0,-61,-189, not_tired
n_145, 24,21,0,-52,-189, not_tired
n_145, 18,14,0,-48,-176, not_tired
n_145, 24,22,1,-45,-188, not_tired
n_145, 25,26,0,-54,-197, not_tired
n_146, 0,0,0,0,0, not_tired
n_146, 6,7,0,-12,-106, not_tired
n_146, 9,8,1,-16,-104, not_tired
n_146, 11,10,0,-12,-106, not_tired
n_146, 11,9,1,-9,-111, not_tired
n_146, 11,10,0,-8,-109, not_tired
n_146, 11,10,0,-9,-111, not_tired
n_146, 11,11,0,-8,-112, not_tired
n_146, 11,10,0,-8,-110, not_tired
n_146, 11,10,0,-7,-111, not_tired
n_147, 11,9,0,-8,-108, not_tired
n_147, 11,9,0,-9,-109, not_tired
n_147, 11,9,1,-8,-108, not_tired
n_147, 11,10,0,-10,-108, not_tired
n_147, 11,10,0,-11,-109, not_tired
n_147, 11,10,0,-9,-108, not_tired
n_147, 11,10,0,-10,-109, not_tired
n_147, 10,10,0,-9,-109, not_tired
n_147, 11,10,0,-9,-109, not_tired
n_147, 10,7,0,-12,-106, not_tired
n_148, 10,10,0,-13,-107, not_tired
n_148, 10,9,0,-8,-112, not_tired
n_148, 10,10,0,-9,-111, not_tired
n_148, 10,11,0,-8,-110, not_tired
n_148, 11,11,1,-7,-108, not_tired
n_148, 10,7,1,-13,-102, not_tired
n_148, 11,11,0,-5,-108, not_tired
n_148, 11,10,0,-8,-107, not_tired
n_148, 11,10,0,-7,-109, not_tired
n_148, 11,11,0,-6,-106, not_tired
n_149, 10,9,0,-12,-105, not_tired
n_149, 10,10,0,-11,-108, not_tired
n_149, 10,10,0,-11,-108, not_tired
n_149, 10,7,0,-9,-105, not_tired
n_149, 11,9,0,-9,-106, not_tired
n_149, 11,8,0,-9,-108, not_tired
n_149, 11,10,0,-8,-110, not_tired
n_149, 10,9,0,-7,-106, not_tired
n_149, 10,9,0,-10,-108, not_tired
n_149, 10,8,1,-10,-109, not_tired
n_15, 0,0,0,0,0, not_tired
n_15, 13,11,5,-14,-179, not_tired
n_15, 14,13,7,-14,-210, not_tired
n_15, 14,16,16,-13,-203, not_tired
n_15, 11,12,2,-26,-199, not_tired
n_15, 11,12,0,-42,-193, not_tired
n_15, 15,14,5,-28,-198, not_tired
n_15, 8,11,9,-57,-193, not_tired
n_15, 11,12,10,-24,-193, not_tired
n_15, 13,15,29,-25,-202, not_tired
n_150, 0,0,0,0,0, not_tired
n_150, 10,9,0,-10,-105, not_tired
n_150, 11,9,0,-8,-106, not_tired
n_150, 11,9,0,-9,-105, not_tired
n_150, 10,9,1,-9,-106, not_tired
n_150, 11,9,0,-7,-107, not_tired
n_150, 10,9,0,-8,-104, not_tired
n_150, 11,10,0,-8,-107, not_tired
n_150, 11,10,1,-6,-105, not_tired
n_150, 11,10,0,-6,-106, not_tired
n_151, 10,9,0,-8,-109, not_tired
n_151, 11,10,0,-5,-108, not_tired
n_151, 11,8,1,-9,-106, not_tired
n_151, 10,9,0,-7,-107, not_tired
n_151, 10,8,0,-8,-109, not_tired
n_151, 11,9,0,-6,-105, not_tired
n_151, 10,8,0,-9,-106, not_tired
n_151, 1,4,0,-7,-105, not_tired
n_151, 10,9,0,-11,-107, not_tired
n_151, 11,10,0,-8,-107, not_tired
n_152, 11,11,0,-9,-107, not_tired
n_152, 12,12,0,-7,-110, not_tired
n_152, 12,11,0,-8,-110, not_tired
n_152, 12,11,0,-11,-108, not_tired
n_152, 11,12,0,-10,-107, not_tired
n_152, 11,11,0,-13,-110, not_tired
n_152, 12,12,0,-9,-109, not_tired
n_152, 12,12,0,-10,-109, not_tired
n_152, 13,12,0,-11,-109, not_tired
n_152, 12,12,0,-9,-109, not_tired
n_153, 12,12,1,-10,-108, not_tired
n_153, 12,12,0,-11,-108, not_tired
n_153, 12,11,0,-11,-106, not_tired
n_153, 12,13,1,1,-109, not_tired
n_153, 13,13,0,-13,-105, not_tired
n_153, 12,12,0,-12,-107, not_tired
n_153, 12,12,0,-10,-105, not_tired
n_153, 12,12,0,-11,-107, not_tired
n_153, 12,11,0,-9,-107, not_tired
n_153, 12,11,1,-10,-108, not_tired
n_154, 10,12,0,-11,-107, not_tired
n_154, 11,12,0,-11,-104, not_tired
n_154, 12,11,0,-9,-104, not_tired
n_154, 11,12,0,-14,-105, not_tired
n_154, 12,11,0,-11,-105, not_tired
n_154, 12,11,1,-13,-106, not_tired
n_154, 10,11,0,-11,-105, not_tired
n_154, 12,10,0,-15,-105, not_tired
n_154, 11,12,1,-13,-106, not_tired
n_154, 12,12,0,-10,-106, not_tired
n_155, 12,11,0,-11,-107, not_tired
n_155, 12,11,0,-12,-105, not_tired
n_155, 12,12,0,-14,-107, not_tired
n_155, 12,10,0,-11,-105, not_tired
n_155, 11,12,0,-14,-107, not_tired
n_155, 11,12,0,-13,-109, not_tired
n_155, 4,7,0,-2,-107, not_tired
n_155, 11,11,0,-13,-104, not_tired
n_155, 10,9,0,-13,-102, not_tired
n_155, 11,11,0,-10,-106, not_tired
n_156, 8,10,0,-17,-104, not_tired
n_156, 11,11,0,-11,-108, not_tired
n_156, 12,11,0,-10,-107, not_tired
n_156, 11,11,0,-10,-106, not_tired
n_156, 7,9,0,-5,-103, not_tired
n_156, 11,12,0,-11,-107, not_tired
n_156, 12,11,0,-10,-105, not_tired
n_156, 12,12,0,-11,-103, not_tired
n_156, 11,12,0,-13,-106, not_tired
n_156, 12,12,0,-12,-107, not_tired
n_157, 12,11,0,-13,-106, not_tired
n_157, 13,12,0,-12,-106, not_tired
n_157, 11,12,0,-15,-106, not_tired
n_157, 12,12,0,-15,-107, not_tired
n_157, 12,12,0,-12,-107, not_tired
n_157, 10,10,0,-12,-106, not_tired
n_157, 11,12,0,-13,-107, not_tired
n_157, 12,13,0,-11,-107, not_tired
n_157, 11,13,0,-12,-105, not_tired
n_157, 13,13,0,-9,-106, not_tired
n_158, 10,12,0,-9,-105, not_tired
n_158, 12,13,0,-13,-108, not_tired
n_158, 10,9,1,-12,-106, not_tired
n_158, 12,12,0,-13,-107, not_tired
n_158, 11,12,0,-10,-109, not_tired
n_158, 11,11,0,-10,-106, not_tired
n_158, 11,11,0,-9,-107, not_tired
n_158, 11,11,1,-9,-105, not_tired
n_158, 9,3,0,-32,-102, not_tired
n_158, 11,11,0,-12,-106, not_tired
n_159, 12,11,0,-10,-106, not_tired
n_159, 11,13,0,-11,-106, not_tired
n_159, 12,11,0,-11,-105, not_tired
n_159, 11,11,0,-9,-109, not_tired
n_159, 12,13,0,-11,-108, not_tired
n_159, 8,9,0,-10,-106, not_tired
n_159, 11,11,0,-10,-107, not_tired
n_159, 12,11,0,-9,-108, not_tired
n_159, 13,12,0,-7,-111, not_tired
n_159, 12,11,0,-9,-106, not_tired
n_16, 0,0,0,0,0, not_tired
n_16, 12,11,19,-37,-197, not_tired
n_16, 12,13,11,-42,-208, not_tired
n_16, 6,4,8,-90,-190, not_tired
n_16, 13,11,19,-53,-206, not_tired
n_16, 9,9,13,-62,-183, not_tired
n_16, 9,15,10,-61,-208, not_tired
n_16, 11,11,13,-49,-206, not_tired
n_16, 10,10,15,-51,-190, not_tired
n_16, 13,9,19,-26,-185, not_tired
n_160, 0,0,0,0,0, not_tired
n_160, 11,11,0,-12,-103, not_tired
n_160, 11,12,0,-13,-105, not_tired
n_160, 12,12,0,-10,-103, not_tired
n_160, 11,10,1,-14,-105, not_tired
n_160, 13,11,1,-10,-106, not_tired
n_160, 12,11,0,-13,-103, not_tired
n_160, 12,11,0,-11,-106, not_tired
n_160, 12,11,0,-12,-105, not_tired
n_160, 11,11,0,-12,-105, not_tired
n_161, 12,12,0,-11,-109, not_tired
n_161, 12,13,0,-10,-104, not_tired
n_161, 11,11,0,-9,-105, not_tired
n_161, 13,11,0,-10,-106, not_tired
n_161, 11,11,0,-12,-104, not_tired
n_161, 11,11,0,-9,-104, not_tired
n_161, 12,10,0,-11,-105, not_tired
n_161, 11,11,0,-10,-105, not_tired
n_161, 12,11,0,-10,-104, not_tired
n_161, 12,14,0,-3,-110, not_tired
n_162, 11,12,0,-11,-106, not_tired
n_162, 12,11,0,-13,-105, not_tired
n_162, 12,11,0,-13,-103, not_tired
n_162, 13,11,0,-13,-104, not_tired
n_162, 10,12,1,-18,-105, not_tired
n_162, 12,10,0,-15,-107, not_tired
n_162, 12,13,0,-17,-107, not_tired
n_162, 12,13,0,-17,-107, not_tired
n_162, 12,11,0,-15,-107, not_tired
n_162, 11,12,0,-13,-105, not_tired
n_163, 13,12,1,-12,-106, not_tired
n_163, 12,13,0,-14,-106, not_tired
n_163, 10,10,1,-16,-104, not_tired
n_163, 11,11,0,-12,-105, not_tired
n_163, 9,9,0,-9,-104, not_tired
n_163, 11,12,0,-13,-107, not_tired
n_163, 12,13,0,-12,-106, not_tired
n_163, 11,11,1,-11,-105, not_tired
n_163, 12,13,0,-11,-104, not_tired
n_163, 12,11,0,-9,-105, not_tired
n_164, 11,12,0,-12,-106, not_tired
n_164, 10,11,0,-10,-106, not_tired
n_164, 12,11,0,-10,-107, not_tired
n_164, 12,11,0,-9,-107, not_tired
n_164, 12,10,0,-10,-108, not_tired
n_164, 12,12,0,-10,-109, not_tired
n_164, 12,12,0,-9,-108, not_tired
n_164, 12,12,0,-9,-108, not_tired
n_164, 10,12,0,-8,-108, not_tired
n_164, 12,13,0,-7,-108, not_tired
n_165, 11,12,0,-7,-108, not_tired
n_165, 12,14,0,-4,-110, not_tired
n_165, 12,13,0,-13,-109, not_tired
n_165, 13,13,0,-10,-105, not_tired
n_165, 12,11,0,-10,-107, not_tired
n_165, 11,12,0,-10,-104, not_tired
n_165, 12,12,0,-9,-103, not_tired
n_165, 12,12,0,-8,-104, not_tired
n_165, 11,11,0,-11,-103, not_tired
n_165, 11,11,0,-11,-103, not_tired
n_166, 11,12,0,-11,-101, not_tired
n_166, 11,12,0,-12,-102, not_tired
n_166, 12,11,1,-10,-101, not_tired
n_166, 11,10,0,-11,-102, not_tired
n_166, 12,10,0,-11,-102, not_tired
n_166, 11,12,0,-13,-103, not_tired
n_166, 11,12,0,-14,-105, not_tired
n_166, 9,8,1,-17,-99, not_tired
n_166, 12,11,0,-12,-104, not_tired
n_166, 11,11,0,-13,-107, not_tired
n_167, 11,12,0,-13,-104, not_tired
n_167, 12,12,0,-15,-103, not_tired
n_167, 12,12,0,-14,-99, not_tired
n_167, 12,11,0,-15,-102, not_tired
n_167, 10,11,0,-15,-103, not_tired
n_167, 11,12,0,-16,-102, not_tired
n_167, 12,12,0,-16,-101, not_tired
n_167, 12,12,0,-13,-104, not_tired
n_167, 11,11,0,-15,-103, not_tired
n_167, 12,11,0,-13,-101, not_tired
n_168, 12,12,1,-13,-103, not_tired
n_168, 11,10,0,-14,-103, not_tired
n_168, 12,11,0,-12,-104, not_tired
n_168, 10,11,0,-5,-102, not_tired
n_168, 12,11,0,-11,-103, not_tired
n_168, 11,12,0,-12,-104, not_tired
n_168, 11,11,0,-11,-102, not_tired
n_168, 11,11,0,-11,-103, not_tired
n_168, 11,12,0,-10,-103, not_tired
n_168, 11,10,1,-14,-101, not_tired
n_169, 11,11,1,-12,-103, not_tired
n_169, 11,12,0,-10,-104, not_tired
n_169, 12,12,0,-11,-105, not_tired
n_169, 12,12,0,-10,-103, not_tired
n_169, 12,11,0,-10,-109, not_tired
n_169, 11,12,0,-14,-107, not_tired
n_169, 11,11,0,-9,-108, not_tired
n_169, 11,12,0,-10,-107, not_tired
n_169, 11,11,0,-10,-108, not_tired
n_169, 12,12,0,-11,-108, not_tired
n_17, 0,0,0,0,0, not_tired
n_17, 19,13,25,-36,-191, not_tired
n_17, 13,11,29,-48,-192, not_tired
n_17, 0,1,0,-47,-198, not_tired
n_17, 6,1,0,-28,-201, not_tired
n_17, 13,12,0,29,-204, not_tired
n_17, 1,5,13,14,-198, not_tired
n_17, 15,13,13,-29,-200, not_tired
n_17, 12,11,0,-32,-207, not_tired
n_17, 14,11,1,-39,-200, not_tired
n_170, 0,0,0,0,0, not_tired
n_170, 6,7,0,-10,-105, not_tired
n_170, 12,12,0,-9,-108, not_tired
n_170, 12,11,0,-8,-107, not_tired
n_170, 12,11,0,-8,-107, not_tired
n_170, 12,13,0,-10,-106, not_tired
n_170, 12,12,0,-11,-108, not_tired
n_170, 13,12,0,-12,-106, not_tired
n_170, 12,12,0,-12,-107, not_tired
n_170, 11,12,0,-12,-104, not_tired
n_171, 8,10,0,-12,-107, not_tired
n_171, 10,8,0,-21,-98, not_tired
n_171, 11,11,0,-13,-104, not_tired
n_171, 13,12,0,-12,-105, not_tired
n_171, 10,12,0,-15,-107, not_tired
n_171, 12,11,0,-12,-103, not_tired
n_171, 11,12,0,-15,-105, not_tired
n_171, 11,11,0,-16,-105, not_tired
n_171, 12,11,1,-17,-106, not_tired
n_171, 12,12,0,-14,-105, not_tired
n_172, 11,11,0,-14,-104, not_tired
n_172, 12,12,1,-18,-104, not_tired
n_172, 12,11,0,-15,-104, not_tired
n_172, 11,10,1,-25,-104, not_tired
n_172, 12,11,0,-15,-104, not_tired
n_172, 11,11,0,-10,-106, not_tired
n_172, 12,11,0,-13,-106, not_tired
n_172, 11,11,0,-15,-108, not_tired
n_172, 11,12,0,-13,-103, not_tired
n_172, 12,11,0,-11,-104, not_tired
n_173, 11,11,0,-14,-103, not_tired
n_173, 11,12,0,-14,-105, not_tired
n_173, 13,11,0,-11,-104, not_tired
n_173, 12,12,0,-10,-103, not_tired
n_173, 12,12,1,-13,-104, not_tired
n_173, 10,9,0,-17,-105, not_tired
n_173, 12,12,0,-17,-105, not_tired
n_173, 12,12,0,-15,-105, not_tired
n_173, 12,12,0,-15,-106, not_tired
n_173, 11,12,0,-13,-103, not_tired
n_174, 11,11,0,-15,-103, not_tired
n_174, 11,11,0,-14,-101, not_tired
n_174, 11,9,0,-21,-101, not_tired
n_174, 12,10,0,-11,-103, not_tired
n_174, 10,13,0,-13,-106, not_tired
n_174, 12,11,0,-12,-105, not_tired
n_174, 12,11,0,-10,-104, not_tired
n_174, 11,11,0,-11,-104, not_tired
n_174, 11,11,0,-10,-104, not_tired
n_174, 12,11,1,-11,-106, not_tired
n_175, 12,12,0,-12,-104, not_tired
n_175, 9,10,0,-10,-106, not_tired
n_175, 12,11,0,-14,-104, not_tired
n_175, 12,11,0,-14,-105, not_tired
n_175, 12,11,0,-13,-106, not_tired
n_175, 10,12,0,-15,-105, not_tired
n_175, 12,12,0,-14,-104, not_tired
n_175, 12,12,0,-13,-104, not_tired
n_175, 12,11,0,-13,-102, not_tired
n_175, 11,11,0,-12,-102, not_tired
n_176, 12,12,1,-10,-103, not_tired
n_176, 11,11,0,-11,-105, not_tired
n_176, 13,11,0,-8,-107, not_tired
n_176, 11,12,0,-10,-106, not_tired
n_176, 10,11,0,-13,-106, not_tired
n_176, 11,12,0,-11,-107, not_tired
n_176, 12,12,0,-10,-106, not_tired
n_176, 12,12,0,-8,-107, not_tired
n_176, 11,11,0,-9,-106, not_tired
n_176, 12,12,0,-8,-106, not_tired
n_177, 12,10,0,-10,-106, not_tired
n_177, 10,11,0,-10,-107, not_tired
n_177, 12,11,0,-10,-105, not_tired
n_177, 11,11,0,-10,-105, not_tired
n_177, 12,10,0,-12,-105, not_tired
n_177, 12,11,0,-9,-106, not_tired
n_177, 11,10,0,-11,-107, not_tired
n_177, 12,11,0,-10,-106, not_tired
n_177, 11,11,0,-10,-106, not_tired
n_177, 12,11,1,-11,-107, not_tired
n_178, 11,11,0,-12,-106, not_tired
n_178, 11,11,0,-13,-106, not_tired
n_178, 11,12,0,-12,-106, not_tired
n_178, 12,11,0,-11,-104, not_tired
n_178, 11,11,0,-11,-105, not_tired
n_178, 12,11,0,-12,-105, not_tired
n_178, 11,11,0,-13,-106, not_tired
n_178, 11,11,1,-11,-105, not_tired
n_178, 11,10,1,-14,-104, not_tired
n_178, 10,10,0,-17,-104, not_tired
n_179, 12,12,0,-16,-102, not_tired
n_179, 11,11,0,-15,-106, not_tired
n_179, 12,11,1,-14,-106, not_tired
n_179, 11,11,0,-14,-106, not_tired
n_179, 11,11,0,-15,-107, not_tired
n_179, 11,11,0,-13,-105, not_tired
n_179, 11,13,0,-13,-106, not_tired
n_179, 11,11,1,-13,-105, not_tired
n_179, 11,11,0,-13,-103, not_tired
n_179, 10,11,0,-12,-104, not_tired
n_18, 11,7,0,-34,-115, not_tired
n_18, 10,8,1,-10,-132, not_tired
n_18, 13,11,1,-23,-166, not_tired
n_18, 16,13,12,-30,-189, not_tired
n_18, 14,10,35,-25,-202, not_tired
n_18, 14,11,0,-26,-201, not_tired
n_18, 1,0,9,-22,-193, not_tired
n_18, 13,10,0,-19,-200, not_tired
n_18, 16,12,0,-34,-202, not_tired
n_18, 13,14,17,-55,-195, not_tired
n_180, 0,0,0,0,0, not_tired
n_180, 12,11,0,-14,-103, not_tired
n_180, 11,11,0,-15,-106, not_tired
n_180, 12,11,0,-13,-104, not_tired
n_180, 12,11,0,-12,-106, not_tired
n_180, 12,11,0,-11,-105, not_tired
n_180, 7,10,0,-17,-103, not_tired
n_180, 11,12,0,-14,-105, not_tired
n_180, 11,11,0,-11,-103, not_tired
n_180, 12,11,0,-10,-102, not_tired
n_181, 12,12,1,-13,-102, not_tired
n_181, 12,11,0,-11,-101, not_tired
n_181, 12,12,0,-11,-103, not_tired
n_181, 12,12,0,-13,-103, not_tired
n_181, 12,12,0,-11,-104, not_tired
n_181, 11,12,0,-10,-103, not_tired
n_181, 12,12,0,-9,-102, not_tired
n_181, 11,12,0,-11,-101, not_tired
n_181, 9,10,0,-12,-102, not_tired
n_181, 11,12,0,-7,-110, not_tired
n_182, 11,12,0,-11,-106, not_tired
n_182, 12,12,0,-8,-106, not_tired
n_182, 12,11,0,-8,-107, not_tired
n_182, 12,12,0,-9,-106, not_tired
n_182, 12,11,0,-9,-104, not_tired
n_182, 12,12,0,-10,-106, not_tired
n_182, 12,12,0,-10,-104, not_tired
n_182, 12,12,0,-11,-104, not_tired
n_182, 11,11,0,-10,-105, not_tired
n_182, 11,12,0,-10,-104, not_tired
n_183, 11,11,0,-11,-104, not_tired
n_183, 11,12,0,-11,-102, not_tired
n_183, 12,12,1,-11,-104, not_tired
n_183, 11,12,0,-11,-105, not_tired
n_183, 10,11,0,-12,-103, not_tired
n_183, 11,12,0,-11,-104, not_tired
n_183, 11,12,0,-11,-104, not_tired
n_183, 12,12,0,-12,-105, not_tired
n_183, 11,12,1,-10,-105, not_tired
n_183, 11,6,0,-30,-100, not_tired
n_184, 11,11,0,-17,-107, not_tired
n_184, 10,11,0,-11,-105, not_tired
n_184, 10,13,0,-7,-107, not_tired
n_184, 12,12,0,-8,-106, not_tired
n_184, 12,13,0,-11,-104, not_tired
n_184, 12,12,0,-10,-103, not_tired
n_184, 12,12,0,-7,-106, not_tired
n_184, 11,11,0,-10,-104, not_tired
n_184, 12,12,0,-11,-105, not_tired
n_184, 12,12,0,-12,-104, not_tired
n_185, 12,11,0,-11,-104, not_tired
n_185, 12,12,0,-12,-107, not_tired
n_185, 11,12,0,-11,-104, not_tired
n_185, 12,11,0,-12,-107, not_tired
n_185, 12,12,0,-11,-106, not_tired
n_185, 11,12,0,-9,-106, not_tired
n_185, 11,11,0,-8,-105, not_tired
n_185, 12,11,0,-8,-104, not_tired
n_185, 12,11,0,-11,-105, not_tired
n_185, 11,12,0,-13,-107, not_tired
n_186, 12,12,0,-12,-104, not_tired
n_186, 12,12,0,-11,-105, not_tired
n_186, 12,11,0,-10,-103, not_tired
n_186, 11,11,0,-11,-105, not_tired
n_186, 12,11,0,-11,-104, not_tired
n_186, 12,11,0,-11,-103, not_tired
n_186, 12,11,0,-12,-102, not_tired
n_186, 11,11,0,-10,-104, not_tired
n_186, 11,10,0,-11,-104, not_tired
n_186, 11,12,0,-11,-106, not_tired
n_187, 11,12,0,-10,-103, not_tired
n_187, 12,11,0,-11,-106, not_tired
n_187, 12,11,0,-12,-104, not_tired
n_187, 13,11,0,-12,-103, not_tired
n_187, 11,8,1,-15,-98, not_tired
n_187, 12,11,0,-19,-103, not_tired
n_187, 10,13,0,-20,-105, not_tired
n_187, 12,13,1,-20,-106, not_tired
n_187, 11,12,0,-18,-107, not_tired
n_187, 11,12,0,-20,-107, not_tired
n_188, 12,13,1,-19,-106, not_tired
n_188, 12,11,0,-15,-104, not_tired
n_188, 11,12,0,-16,-106, not_tired
n_188, 9,10,0,-9,-109, not_tired
n_188, 12,12,0,-18,-105, not_tired
n_188, 12,11,0,-16,-105, not_tired
n_188, 12,10,0,-15,-103, not_tired
n_188, 11,11,0,-15,-104, not_tired
n_188, 12,11,0,-16,-104, not_tired
n_188, 11,13,0,-14,-105, not_tired
n_189, 11,12,0,-12,-105, not_tired
n_189, 11,11,0,-6,-107, not_tired
n_189, 12,12,0,-11,-106, not_tired
n_189, 12,13,0,-10,-105, not_tired
n_189, 11,12,0,-9,-108, not_tired
n_189, 12,13,0,-10,-107, not_tired
n_189, 12,12,0,-10,-108, not_tired
n_189, 12,13,0,-9,-104, not_tired
n_189, 12,11,0,-9,-103, not_tired
n_189, 12,11,0,-10,-104, not_tired
n_19, 5,11,10,-4,-116, not_tired
n_19, 8,12,1,14,-155, not_tired
n_19, 15,15,3,-12,-191, not_tired
n_19, 11,13,6,25,-188, not_tired
n_19, 17,16,11,-15,-205, not_tired
n_19, 15,15,6,-30,-198, not_tired
n_19, 14,14,0,-22,-206, not_tired
n_19, 13,13,0,-29,-203, not_tired
n_19, 6,7,0,-29,-205, not_tired
n_19, 13,12,0,-42,-202, not_tired
n_190, 0,0,0,0,0, not_tired
n_190, 12,12,0,-9,-105, not_tired
n_190, 12,12,0,-9,-106, not_tired
n_190, 13,12,0,-7,-107, not_tired
n_190, 12,11,0,-8,-108, not_tired
n_190, 12,12,0,-9,-107, not_tired
n_190, 13,13,0,-10,-106, not_tired
n_190, 12,12,0,-10,-105, not_tired
n_190, 12,11,0,-10,-106, not_tired
n_190, 13,11,0,-9,-102, not_tired
n_191, 11,12,0,-11,-102, not_tired
n_191, 13,11,0,-10,-105, not_tired
n_191, 12,11,0,-12,-106, not_tired
n_191, 10,8,0,-19,-103, not_tired
n_191, 11,11,0,-18,-105, not_tired
n_191, 12,11,0,-12,-108, not_tired
n_191, 12,11,0,-14,-105, not_tired
n_191, 11,10,0,-22,-101, not_tired
n_191, 12,11,0,-15,-105, not_tired
n_191, 12,10,0,-15,-106, not_tired
n_192, 12,11,0,-13,-105, not_tired
n_192, 12,11,0,-16,-104, not_tired
n_192, 11,12,0,-15,-106, not_tired
n_192, 12,11,0,-14,-105, not_tired
n_192, 12,12,0,-15,-104, not_tired
n_192, 12,12,0,-13,-105, not_tired
n_192, 12,11,0,-15,-105, not_tired
n_192, 12,12,0,-14,-104, not_tired
n_192, 12,12,0,-15,-102, not_tired
n_192, 12,12,0,-12,-103, not_tired
n_193, 12,11,0,-13,-102, not_tired
n_193, 12,11,0,-12,-101, not_tired
n_193, 12,12,0,-10,-99, not_tired
n_193, 11,11,0,-11,-100, not_tired
n_193, 12,12,0,-10,-101, not_tired
n_193, 13,12,0,-10,-102, not_tired
n_193, 13,11,0,-10,-104, not_tired
n_193, 13,11,0,-11,-105, not_tired
n_193, 11,12,0,-11,-103, not_tired
n_193, 13,11,1,-10,-104, not_tired
n_194, 12,12,0,-10,-106, not_tired
n_194, 12,11,0,-10,-102, not_tired
n_194, 13,11,0,-9,-101, not_tired
n_194, 11,12,1,-16,-105, not_tired
n_194, 13,13,0,-11,-106, not_tired
n_194, 11,12,0,-12,-105, not_tired
n_194, 12,11,0,-11,-107, not_tired
n_194, 12,13,0,-11,-107, not_tired
n_194, 11,14,0,-6,-108, not_tired
n_194, 12,12,1,-12,-106, not_tired
n_195, 12,10,1,-19,-103, not_tired
n_195, 11,12,0,-15,-104, not_tired
n_195, 11,12,0,-14,-103, not_tired
n_195, 12,12,0,-12,-103, not_tired
n_195, 13,11,0,-11,-102, not_tired
n_195, 12,11,0,-11,-103, not_tired
n_195, 11,12,0,-13,-105, not_tired
n_195, 11,12,0,-10,-105, not_tired
n_195, 12,11,0,-13,-101, not_tired
n_195, 11,11,0,-11,-102, not_tired
n_196, 12,12,0,-13,-102, not_tired
n_196, 13,11,1,-13,-102, not_tired
n_196, 11,11,0,-17,-101, not_tired
n_196, 11,12,0,-16,-103, not_tired
n_196, 12,12,0,-10,-109, not_tired
n_196, 12,12,0,-8,-104, not_tired
n_196, 12,12,0,-9,-104, not_tired
n_196, 12,12,0,-9,-105, not_tired
n_196, 11,13,0,-9,-109, not_tired
n_196, 12,12,0,-11,-110, not_tired
n_197, 11,12,0,-12,-108, not_tired
n_197, 12,12,0,-11,-106, not_tired
n_197, 13,12,0,-9,-103, not_tired
n_197, 12,12,0,-10,-105, not_tired
n_197, 2,4,0,-7,-106, not_tired
n_197, 12,11,0,-9,-105, not_tired
n_197, 11,12,0,-11,-105, not_tired
n_197, 12,11,0,-10,-104, not_tired
n_197, 11,10,0,-7,-102, not_tired
n_197, 12,11,0,-14,-103, not_tired
n_198, 13,12,0,-16,-103, not_tired
n_198, 12,11,0,-19,-104, not_tired
n_198, 12,12,0,-14,-107, not_tired
n_198, 12,11,0,-11,-108, not_tired
n_198, 11,12,0,-15,-106, not_tired
n_198, 11,11,0,-13,-107, not_tired
n_198, 12,12,0,-15,-106, not_tired
n_198, 13,12,0,-13,-106, not_tired
n_198, 11,11,0,-12,-104, not_tired
n_198, 13,12,0,-12,-103, not_tired
n_199, 12,11,0,-16,-105, not_tired
n_199, 12,12,0,-15,-106, not_tired
n_199, 12,12,1,-17,-104, not_tired
n_199, 12,12,0,-12,-107, not_tired
n_199, 8,8,0,-12,-104, not_tired
n_199, 12,12,0,-15,-104, not_tired
n_199, 12,12,0,-12,-107, not_tired
n_199, 11,12,0,-11,-106, not_tired
n_199, 12,13,1,-11,-108, not_tired
n_199, 12,15,0,-4,-106, not_tired
n_2, 0,0,0,0,0, not_tired
n_2, 17,15,1,-7,-203, not_tired
n_2, 17,13,0,-10,-198, not_tired
n_2, 11,10,3,-27,-192, not_tired
n_2, 10,12,0,-20,-198, not_tired
n_2, 9,11,0,-21,-192, not_tired
n_2, 13,13,0,-24,-192, not_tired
n_2, 14,10,0,-19,-197, not_tired
n_2, 14,17,0,-11,-200, not_tired
n_2, 9,7,8,33,-194, not_tired
n_20, 5,2,0,-41,-194, not_tired
n_20, 13,11,1,-20,-199, not_tired
n_20, 8,4,0,-22,-202, not_tired
n_20, 15,13,2,-42,-196, not_tired
n_20, 12,10,16,-11,-197, not_tired
n_20, 14,12,0,-49,-200, not_tired
n_20, 14,16,0,2,-205, not_tired
n_20, 15,13,19,-16,-208, not_tired
n_20, 13,13,0,-33,-193, not_tired
n_20, 1,0,0,0,-185, not_tired
n_200, 0,0,0,0,0, not_tired
n_200, 11,11,0,-10,-105, not_tired
n_200, 11,12,0,-10,-106, not_tired
n_200, 11,12,0,-12,-106, not_tired
n_200, 12,11,1,-10,-105, not_tired
n_200, 12,12,0,-11,-103, not_tired
n_200, 12,11,0,-14,-106, not_tired
n_200, 11,11,0,-11,-105, not_tired
n_200, 12,12,1,-13,-102, not_tired
n_200, 12,12,0,-12,-102, not_tired
n_201, 12,12,0,-13,-103, not_tired
n_201, 12,12,0,-13,-103, not_tired
n_201, 12,11,0,-13,-103, not_tired
n_201, 11,11,0,-15,-105, not_tired
n_201, 12,12,0,-14,-106, not_tired
n_201, 6,7,0,-23,-104, not_tired
n_201, 12,12,0,-15,-106, not_tired
n_201, 11,11,0,-13,-105, not_tired
n_201, 11,12,0,-11,-106, not_tired
n_201, 12,11,0,-11,-103, not_tired
n_202, 12,11,0,-12,-107, not_tired
n_202, 11,12,0,-12,-102, not_tired
n_202, 11,13,1,-10,-106, not_tired
n_202, 11,11,0,-11,-105, not_tired
n_202, 11,12,0,-11,-104, not_tired
n_202, 11,11,0,-11,-103, not_tired
n_202, 11,13,0,-4,-103, not_tired
n_202, 11,12,0,-12,-105, not_tired
n_202, 12,12,1,-11,-105, not_tired
n_202, 11,10,0,-11,-105, not_tired
n_203, 12,12,0,-9,-103, not_tired
n_203, 10,12,1,-9,-103, not_tired
n_203, 11,12,0,-11,-104, not_tired
n_203, 12,12,0,-10,-104, not_tired
n_203, 12,11,0,-10,-106, not_tired
n_203, 12,11,0,-9,-101, not_tired
n_203, 11,10,0,-9,-105, not_tired
n_203, 11,10,0,-11,-107, not_tired
n_203, 11,12,0,-11,-104, not_tired
n_203, 11,11,0,-11,-107, not_tired
n_204, 12,13,0,-9,-106, not_tired
n_204, 12,12,0,-9,-107, not_tired
n_204, 10,12,0,-10,-108, not_tired
n_204, 13,12,0,-10,-104, not_tired
n_204, 11,12,0,-11,-102, not_tired
n_204, 12,12,0,-11,-103, not_tired
n_204, 12,12,0,-10,-103, not_tired
n_204, 12,12,0,-9,-103, not_tired
n_204, 7,10,0,-6,-103, not_tired
n_204, 12,11,0,-12,-105, not_tired
n_205, 12,13,0,-12,-104, not_tired
n_205, 10,9,0,-11,-103, not_tired
n_205, 9,11,0,-17,-103, not_tired
n_205, 10,11,0,-11,-105, not_tired
n_205, 12,11,0,-13,-106, not_tired
n_205, 11,11,0,-10,-105, not_tired
n_205, 11,12,0,-9,-105, not_tired
n_205, 11,11,0,-9,-104, not_tired
n_205, 11,11,0,-8,-106, not_tired
n_205, 12,11,1,-8,-106, not_tired
n_206, 11,12,0,-10,-107, not_tired
n_206, 11,12,0,-11,-106, not_tired
n_206, 12,12,0,-9,-105, not_tired
n_206, 12,11,1,-9,-107, not_tired
n_206, 12,12,0,-9,-105, not_tired
n_206, 13,12,1,-8,-103, not_tired
n_206, 11,11,1,-9,-107, not_tired
n_206, 11,12,0,-9,-107, not_tired
n_206, 13,12,0,-9,-106, not_tired
n_206, 12,12,0,-8,-105, not_tired
n_207, 10,10,0,-11,-105, not_tired
n_207, 12,11,0,-11,-108, not_tired
n_207, 12,11,0,-11,-107, not_tired
n_207, 12,11,0,-12,-107, not_tired
n_207, 10,11,0,-9,-105, not_tired
n_207, 12,11,0,-13,-105, not_tired
n_207, 11,13,0,-14,-107, not_tired
n_207, 10,10,0,-21,-101, not_tired
n_207, 11,11,0,-12,-104, not_tired
n_207, 11,11,0,-10,-105, not_tired
n_208, 11,12,0,-13,-108, not_tired
n_208, 11,12,0,-12,-106, not_tired
n_208, 12,12,0,-12,-105, not_tired
n_208, 12,12,0,-13,-105, not_tired
n_208, 12,12,0,-12,-109, not_tired
n_208, 11,12,0,-12,-104, not_tired
n_208, 12,12,1,-11,-107, not_tired
n_208, 12,12,0,-11,-107, not_tired
n_208, 12,12,0,-10,-109, not_tired
n_208, 11,12,0,-10,-106, not_tired
n_209, 12,12,0,-10,-107, not_tired
n_209, 12,12,0,-10,-106, not_tired
n_209, 12,12,0,-10,-104, not_tired
n_209, 12,12,0,-8,-103, not_tired
n_209, 12,10,1,-7,-105, not_tired
n_209, 12,11,0,-10,-105, not_tired
n_209, 12,12,0,-11,-106, not_tired
n_209, 11,12,0,-9,-104, not_tired
n_209, 12,12,0,-10,-107, not_tired
n_209, 11,11,0,-21,-103, not_tired
n_21, 0,0,0,0,0, not_tired
n_21, 5,4,16,-69,-182, not_tired
n_21, 20,14,2,-36,-212, not_tired
n_21, 14,11,0,-31,-202, not_tired
n_21, 14,11,2,-27,-198, not_tired
n_21, 16,17,28,23,-204, not_tired
n_21, 15,12,1,-39,-200, not_tired
n_21, 13,12,25,-28,-197, not_tired
n_21, 2,2,24,12,-214, not_tired
n_21, 11,11,22,-6,-211, not_tired
n_210, 0,0,0,0,0, not_tired
n_210, 11,12,0,-10,-102, not_tired
n_210, 12,12,0,-9,-103, not_tired
n_210, 12,13,0,-7,-106, not_tired
n_210, 13,12,0,-12,-105, not_tired
n_210, 12,11,0,-11,-100, not_tired
n_210, 11,12,0,-15,-102, not_tired
n_210, 10,12,0,-20,-105, not_tired
n_210, 12,12,1,-17,-104, not_tired
n_210, 12,11,0,-27,-104, not_tired
n_211, 11,11,0,-16,-104, not_tired
n_211, 10,11,0,-14,-104, not_tired
n_211, 11,13,0,-14,-104, not_tired
n_211, 10,13,0,-14,-104, not_tired
n_211, 11,12,0,-17,-106, not_tired
n_211, 12,13,0,-18,-106, not_tired
n_211, 11,13,0,-12,-106, not_tired
n_211, 11,11,0,-16,-102, not_tired
n_211, 12,12,0,-18,-104, not_tired
n_211, 12,12,1,-15,-102, not_tired
n_212, 0,0,0,0,0, not_tired
n_212, 16,18,0,18,-178, not_tired
n_212, 14,14,0,24,-153, not_tired
n_212, 15,13,1,41,-144, not_tired
n_212, 16,16,0,21,-158, not_tired
n_212, 18,17,1,35,-153, not_tired
n_212, 13,14,0,49,-146, not_tired
n_212, 13,13,0,49,-140, not_tired
n_212, 15,15,0,29,-150, not_tired
n_212, 13,14,0,44,-144, not_tired
n_213, 18,17,1,11,-152, not_tired
n_213, 14,14,0,48,-141, not_tired
n_213, 14,16,0,48,-143, not_tired
n_213, 14,16,0,50,-140, not_tired
n_213, 13,14,0,50,-141, not_tired
n_213, 14,15,0,47,-141, not_tired
n_213, 13,15,0,47,-138, not_tired
n_213, 12,15,0,45,-141, not_tired
n_213, 13,15,0,46,-142, not_tired
n_213, 12,15,0,45,-140, not_tired
n_214, 12,15,0,35,-138, not_tired
n_214, 14,14,1,36,-142, not_tired
n_214, 18,16,1,15,-151, not_tired
n_214, 8,9,0,18,-149, not_tired
n_214, 13,16,1,44,-137, not_tired
n_214, 13,14,0,55,-134, not_tired
n_214, 14,14,0,52,-137, not_tired
n_214, 13,14,0,49,-138, not_tired
n_214, 12,13,0,46,-138, not_tired
n_214, 13,13,0,43,-136, not_tired
n_215, 15,13,0,40,-140, not_tired
n_215, 12,14,0,44,-139, not_tired
n_215, 12,14,0,43,-138, not_tired
n_215, 13,15,0,40,-139, not_tired
n_215, 12,14,0,47,-137, not_tired
n_215, 12,14,0,44,-138, not_tired
n_215, 12,14,0,47,-140, not_tired
n_215, 13,15,0,38,-145, not_tired
n_215, 9,11,0,44,-140, not_tired
n_215, 12,13,0,49,-135, not_tired
n_216, 1,2,0,26,-147, not_tired
n_216, 13,15,1,37,-146, not_tired
n_216, 13,15,0,38,-145, not_tired
n_216, 12,15,1,35,-141, not_tired
n_216, 13,14,1,45,-139, not_tired
n_216, 13,13,0,48,-144, not_tired
n_216, 10,9,0,50,-137, not_tired
n_216, 12,15,1,40,-143, not_tired
n_216, 13,13,0,41,-144, not_tired
n_216, 7,6,1,50,-136, not_tired
n_217, 13,14,0,42,-141, not_tired
n_217, 9,11,0,46,-139, not_tired
n_217, 12,15,1,44,-142, not_tired
n_217, 15,16,1,38,-148, not_tired
n_217, 15,14,0,36,-145, not_tired
n_217, 13,15,1,43,-142, not_tired
n_217, 13,13,0,55,-136, not_tired
n_217, 13,13,0,62,-138, not_tired
n_217, 13,16,0,47,-143, not_tired
n_217, 13,14,0,46,-140, not_tired
n_218, 14,14,0,43,-141, not_tired
n_218, 14,15,0,41,-142, not_tired
n_218, 14,15,0,44,-140, not_tired
n_218, 14,13,1,41,-143, not_tired
n_218, 14,14,0,44,-141, not_tired
n_218, 13,14,0,37,-142, not_tired
n_218, 18,18,0,26,-150, not_tired
n_218, 19,16,0,28,-151, not_tired
n_218, 13,13,0,40,-148, not_tired
n_218, 12,13,1,42,-141, not_tired
n_219, 19,17,1,18,-150, not_tired
n_219, 17,16,1,25,-149, not_tired
n_219, 15,13,0,34,-152, not_tired
n_219, 17,15,0,13,-147, not_tired
n_219, 19,15,0,7,-154, not_tired
n_219, 15,15,0,54,-134, not_tired
n_219, 18,16,0,8,-150, not_tired
n_219, 18,15,1,5,-152, not_tired
n_219, 14,14,0,43,-141, not_tired
n_219, 20,16,1,2,-152, not_tired
n_22, 0,0,0,0,0, not_tired
n_22, 15,11,14,8,-198, not_tired
n_22, 2,10,14,14,-207, not_tired
n_22, 4,3,9,-34,-176, not_tired
n_22, 8,5,3,-17,-205, not_tired
n_22, 12,10,16,-38,-193, not_tired
n_22, 14,12,1,-53,-197, not_tired
n_22, 12,10,20,-40,-189, not_tired
n_22, 12,12,1,23,-217, not_tired
n_22, 11,12,17,-59,-204, not_tired
n_220, 0,0,0,0,0, not_tired
n_220, 15,14,0,8,-156, not_tired
n_220, 17,14,0,26,-146, not_tired
n_220, 15,16,1,0,-148, not_tired
n_220, 18,15,1,-1,-153, not_tired
n_220, 15,15,0,11,-148, not_tired
n_220, 17,14,1,0,-152, not_tired
n_220, 19,15,1,-1,-152, not_tired
n_220, 15,15,0,0,-149, not_tired
n_220, 18,15,1,2,-151, not_tired
n_221, 0,0,0,7,-149, not_tired
n_221, 19,15,1,-4,-151, not_tired
n_221, 17,15,1,-11,-149, not_tired
n_221, 17,16,0,-13,-151, not_tired
n_221, 17,16,1,-18,-154, not_tired
n_221, 14,15,0,27,-144, not_tired
n_221, 20,16,1,-11,-152, not_tired
n_221, 18,17,0,-14,-153, not_tired
n_221, 18,16,1,-13,-153, not_tired
n_221, 14,14,0,42,-145, not_tired
n_222, 13,7,1,60,-138, not_tired
n_222, 15,16,0,35,-148, not_tired
n_222, 15,14,0,42,-147, not_tired
n_222, 15,15,0,41,-148, not_tired
n_222, 10,9,0,62,-143, not_tired
n_222, 15,14,0,39,-146, not_tired
n_222, 11,12,1,56,-141, not_tired
n_222, 14,15,0,33,-148, not_tired
n_222, 13,14,1,41,-148, not_tired
n_222, 12,14,0,38,-148, not_tired
n_223, 14,14,1,34,-142, not_tired
n_223, 15,14,0,35,-142, not_tired
n_223, 13,13,0,38,-143, not_tired
n_223, 14,14,0,35,-142, not_tired
n_223, 14,14,1,34,-145, not_tired
n_223, 13,14,1,35,-142, not_tired
n_223, 14,14,0,38,-141, not_tired
n_223, 14,15,0,30,-144, not_tired
n_223, 15,15,0,30,-145, not_tired
n_223, 15,14,0,33,-144, not_tired
n_224, 13,14,0,36,-143, not_tired
n_224, 15,14,1,35,-146, not_tired
n_224, 11,11,1,38,-142, not_tired
n_224, 15,15,0,32,-146, not_tired
n_224, 13,14,1,41,-138, not_tired
n_224, 13,14,0,45,-140, not_tired
n_224, 8,8,0,35,-142, not_tired
n_224, 12,14,0,31,-148, not_tired
n_224, 17,13,0,7,-148, not_tired
n_224, 14,14,0,37,-140, not_tired
n_225, 14,11,0,32,-147, not_tired
n_225, 14,15,1,27,-150, not_tired
n_225, 14,14,0,28,-149, not_tired
n_225, 14,14,0,28,-152, not_tired
n_225, 14,15,0,23,-151, not_tired
n_225, 14,14,0,29,-151, not_tired
n_225, 13,12,0,35,-146, not_tired
n_225, 13,14,0,36,-150, not_tired
n_225, 13,14,0,33,-152, not_tired
n_225, 13,14,0,31,-150, not_tired
n_226, 14,12,1,41,-146, not_tired
n_226, 14,12,1,35,-149, not_tired
n_226, 14,14,1,41,-146, not_tired
n_226, 12,15,1,38,-145, not_tired
n_226, 13,13,0,45,-141, not_tired
n_226, 13,14,0,38,-145, not_tired
n_226, 12,12,0,48,-141, not_tired
n_226, 12,12,0,49,-142, not_tired
n_226, 12,13,0,49,-143, not_tired
n_226, 13,13,0,53,-141, not_tired
n_227, 11,14,0,53,-145, not_tired
n_227, 11,13,0,56,-143, not_tired
n_227, 12,12,0,49,-142, not_tired
n_227, 10,14,0,51,-141, not_tired
n_227, 13,14,0,53,-142, not_tired
n_227, 13,14,0,52,-144, not_tired
n_227, 13,14,0,54,-145, not_tired
n_227, 12,13,1,52,-142, not_tired
n_227, 12,15,0,36,-149, not_tired
n_227, 12,13,0,32,-149, not_tired
n_228, 12,13,0,36,-149, not_tired
n_228, 12,13,0,35,-150, not_tired
n_228, 13,13,0,34,-150, not_tired
n_228, 12,13,1,36,-149, not_tired
n_228, 12,13,0,35,-149, not_tired
n_228, 13,14,1,32,-148, not_tired
n_228, 14,15,1,30,-151, not_tired
n_228, 14,14,0,31,-152, not_tired
n_228, 13,12,0,32,-150, not_tired
n_228, 13,12,1,28,-150, not_tired
n_229, 13,13,0,31,-151, not_tired
n_229, 13,15,0,30,-151, not_tired
n_229, 13,13,0,32,-148, not_tired
n_229, 14,14,0,32,-151, not_tired
n_229, 13,14,0,30,-152, not_tired
n_229, 12,13,0,32,-149, not_tired
n_229, 11,12,0,39,-147, not_tired
n_229, 13,13,0,37,-150, not_tired
n_229, 13,14,0,43,-147, not_tired
n_229, 14,12,0,45,-149, not_tired
n_23, 0,0,0,0,0, not_tired
n_23, 12,11,22,-35,-202, not_tired
n_23, 11,11,3,-53,-202, not_tired
n_23, 13,13,19,-43,-196, not_tired
n_23, 14,12,10,-43,-199, not_tired
n_23, 0,0,0,0,0, not_tired
n_23, 16,14,15,-37,-201, not_tired
n_23, 15,13,16,-25,-207, not_tired
n_23, 17,15,0,-37,-206, not_tired
n_23, 18,13,10,-49,-193, not_tired
n_230, 0,0,0,0,0, not_tired
n_230, 12,12,0,37,-145, not_tired
n_230, 12,13,0,35,-144, not_tired
n_230, 13,14,1,38,-146, not_tired
n_230, 12,12,0,48,-144, not_tired
n_230, 13,14,0,47,-144, not_tired
n_230, 11,8,0,59,-143, not_tired
n_230, 10,13,0,61,-140, not_tired
n_230, 12,14,0,35,-144, not_tired
n_230, 13,13,0,39,-144, not_tired
n_231, 12,14,0,40,-143, not_tired
n_231, 8,10,1,50,-138, not_tired
n_231, 12,12,0,42,-145, not_tired
n_231, 12,13,0,44,-141, not_tired
n_231, 13,12,1,46,-142, not_tired
n_231, 12,7,1,51,-135, not_tired
n_231, 12,13,0,41,-145, not_tired
n_231, 12,14,0,46,-141, not_tired
n_231, 14,14,0,43,-142, not_tired
n_231, 11,12,0,55,-134, not_tired
n_232, 12,13,0,42,-143, not_tired
n_232, 13,12,0,49,-140, not_tired
n_232, 12,12,0,49,-141, not_tired
n_232, 11,10,0,50,-140, not_tired
n_232, 13,14,0,51,-143, not_tired
n_232, 11,13,0,46,-142, not_tired
n_232, 13,15,0,47,-143, not_tired
n_232, 12,12,0,50,-140, not_tired
n_232, 9,13,0,50,-145, not_tired
n_232, 11,13,1,48,-140, not_tired
n_233, 13,14,0,43,-146, not_tired
n_233, 12,14,0,44,-142, not_tired
n_233, 12,14,0,46,-140, not_tired
n_233, 14,14,0,42,-144, not_tired
n_233, 13,15,0,38,-141, not_tired
n_233, 12,13,0,31,-144, not_tired
n_233, 12,12,0,36,-146, not_tired
n_233, 13,14,0,36,-147, not_tired
n_233, 11,14,0,36,-139, not_tired
n_233, 13,13,0,35,-142, not_tired
n_234, 9,12,1,62,-141, not_tired
n_234, 13,13,0,30,-148, not_tired
n_234, 12,13,0,36,-144, not_tired
n_234, 12,14,0,33,-145, not_tired
n_234, 14,14,0,33,-148, not_tired
n_234, 12,13,0,35,-144, not_tired
n_234, 1,2,0,37,-142, not_tired
n_234, 12,13,1,34,-146, not_tired
n_234, 12,13,0,33,-145, not_tired
n_234, 11,13,0,27,-141, not_tired
n_235, 13,15,0,27,-147, not_tired
n_235, 12,13,0,29,-145, not_tired
n_235, 13,13,0,30,-143, not_tired
n_235, 11,13,1,31,-144, not_tired
n_235, 12,11,0,40,-138, not_tired
n_235, 12,13,0,32,-147, not_tired
n_235, 12,12,0,33,-143, not_tired
n_235, 12,13,0,33,-147, not_tired
n_235, 13,13,0,29,-150, not_tired
n_235, 13,14,0,29,-149, not_tired
n_236, 11,10,0,56,-134, not_tired
n_236, 12,12,0,54,-136, not_tired
n_236, 11,12,0,54,-136, not_tired
n_236, 11,13,0,49,-137, not_tired
n_236, 11,12,0,53,-138, not_tired
n_236, 11,12,0,53,-140, not_tired
n_236, 12,14,0,55,-138, not_tired
n_236, 12,13,0,52,-136, not_tired
n_236, 12,12,0,47,-139, not_tired
n_236, 11,11,1,53,-139, not_tired
n_237, 14,14,0,30,-145, not_tired
n_237, 18,16,0,24,-148, not_tired
n_237, 14,13,0,31,-146, not_tired
n_237, 14,14,0,30,-150, not_tired
n_237, 12,12,0,39,-146, not_tired
n_237, 13,13,0,30,-152, not_tired
n_237, 13,14,0,40,-147, not_tired
n_237, 14,14,1,39,-147, not_tired
n_237, 12,12,1,40,-144, not_tired
n_237, 13,13,0,47,-140, not_tired
n_238, 13,12,0,56,-141, not_tired
n_238, 12,14,1,52,-140, not_tired
n_238, 12,14,0,50,-136, not_tired
n_238, 11,12,0,54,-134, not_tired
n_238, 11,13,0,57,-140, not_tired
n_238, 11,13,0,55,-139, not_tired
n_238, 13,14,1,56,-141, not_tired
n_238, 12,13,1,56,-137, not_tired
n_238, 13,14,0,59,-139, not_tired
n_238, 12,15,0,58,-140, not_tired
n_239, 13,12,0,33,-150, not_tired
n_239, 14,14,0,30,-147, not_tired
n_239, 12,14,2,30,-150, not_tired
n_239, 12,13,0,40,-141, not_tired
n_239, 13,14,0,33,-147, not_tired
n_239, 9,12,0,62,-142, not_tired
n_239, 12,15,0,31,-148, not_tired
n_239, 14,13,0,36,-146, not_tired
n_239, 13,12,0,38,-147, not_tired
n_239, 13,14,0,39,-147, not_tired
n_24, 0,0,0,0,0, not_tired
n_24, 9,12,3,34,-184, not_tired
n_24, 0,0,0,0,0, not_tired
n_24, 11,12,8,-38,-203, not_tired
n_24, 14,15,11,-35,-203, not_tired
n_24, 16,13,10,-52,-183, not_tired
n_24, 19,17,1,-39,-191, not_tired
n_24, 14,11,21,-34,-186, not_tired
n_24, 14,12,19,-38,-190, not_tired
n_24, 14,11,25,-42,-191, not_tired
n_240, 0,0,0,0,0, not_tired
n_240, 12,13,0,36,-142, not_tired
n_240, 12,13,0,32,-145, not_tired
n_240, 13,13,0,35,-143, not_tired
n_240, 11,11,0,41,-141, not_tired
n_240, 13,13,0,42,-143, not_tired
n_240, 12,13,0,40,-143, not_tired
n_240, 5,2,1,41,-141, not_tired
n_240, 12,13,0,39,-145, not_tired
n_240, 12,13,0,42,-142, not_tired
n_241, 13,14,0,27,-142, not_tired
n_241, 12,12,0,38,-141, not_tired
n_241, 11,12,0,36,-143, not_tired
n_241, 12,12,0,36,-144, not_tired
n_241, 12,13,0,41,-144, not_tired
n_241, 12,12,0,46,-140, not_tired
n_241, 12,13,0,45,-141, not_tired
n_241, 13,13,0,44,-140, not_tired
n_241, 12,11,1,45,-142, not_tired
n_241, 11,14,0,44,-141, not_tired
n_242, 13,12,0,39,-145, not_tired
n_242, 12,12,0,39,-144, not_tired
n_242, 13,13,0,38,-145, not_tired
n_242, 12,12,0,38,-144, not_tired
n_242, 9,9,0,67,-142, not_tired
n_242, 11,12,0,43,-143, not_tired
n_242, 11,12,0,42,-148, not_tired
n_242, 11,11,0,41,-147, not_tired
n_242, 12,13,0,37,-148, not_tired
n_242, 14,13,0,33,-149, not_tired
n_243, 13,13,0,33,-146, not_tired
n_243, 14,12,0,31,-147, not_tired
n_243, 11,10,0,68,-139, not_tired
n_243, 13,13,0,30,-150, not_tired
n_243, 12,14,0,41,-143, not_tired
n_243, 15,12,0,31,-150, not_tired
n_243, 13,14,1,33,-148, not_tired
n_243, 14,13,0,32,-150, not_tired
n_243, 11,12,0,39,-142, not_tired
n_243, 12,12,0,35,-146, not_tired
n_244, 12,13,0,36,-147, not_tired
n_244, 14,14,0,31,-147, not_tired
n_244, 15,14,0,29,-150, not_tired
n_244, 9,7,0,33,-146, not_tired
n_244, 13,12,0,33,-146, not_tired
n_244, 14,14,0,36,-149, not_tired
n_244, 13,14,0,37,-147, not_tired
n_244, 13,14,0,52,-140, not_tired
n_244, 14,14,0,35,-146, not_tired
n_244, 14,13,0,51,-139, not_tired
n_245, 0,0,0,0,0, not_tired
n_245, 10,14,0,20,-119, not_tired
n_245, 12,15,0,29,-124, not_tired
n_245, 13,15,0,54,-124, not_tired
n_245, 0,0,0,0,0, not_tired
n_245, 6,7,1,41,-121, not_tired
n_245, 0,0,0,0,0, not_tired
n_245, 10,11,0,-22,-129, not_tired
n_245, 0,0,0,0,0, not_tired
n_245, 6,14,1,26,-125, not_tired
n_246, 9,13,0,41,-134, not_tired
n_246, 10,19,1,28,-131, not_tired
n_246, 0,0,0,0,0, not_tired
n_246, 0,0,0,0,0, not_tired
n_246, 0,0,0,0,0, not_tired
n_246, 0,0,0,0,0, not_tired
n_246, 0,0,0,0,0, not_tired
n_246, 0,0,0,0,0, not_tired
n_246, 0,0,0,0,0, not_tired
n_246, 0,0,0,0,0, not_tired
n_247, 0,0,0,0,0, not_tired
n_247, 0,0,0,0,0, not_tired
n_247, 0,0,0,0,0, not_tired
n_247, 0,0,0,0,0, not_tired
n_247, 0,0,0,0,0, not_tired
n_247, 7,16,0,20,-143, not_tired
n_247, 0,0,0,0,0, not_tired
n_247, 15,11,0,8,-128, not_tired
n_247, 0,0,0,0,0, not_tired
n_247, 0,0,0,0,0, not_tired
n_248, 0,0,0,0,0, not_tired
n_248, 6,15,1,21,-128, not_tired
n_248, 3,11,1,1,-128, not_tired
n_248, 10,15,0,15,-129, not_tired
n_248, 12,12,1,25,-128, not_tired
n_248, 10,12,0,-29,-140, not_tired
n_248, 9,11,0,-12,-139, not_tired
n_248, 10,15,0,-6,-148, not_tired
n_248, 0,0,0,0,0, not_tired
n_248, 8,14,0,34,-123, not_tired
n_249, 10,13,0,5,-118, not_tired
n_249, 11,13,1,10,-134, not_tired
n_249, 0,0,0,0,0, not_tired
n_249, 7,6,1,21,-138, not_tired
n_249, 13,8,0,51,-130, not_tired
n_249, 8,15,0,20,-143, not_tired
n_249, 10,5,0,41,-132, not_tired
n_249, 9,5,0,42,-129, not_tired
n_249, 5,7,0,43,-138, not_tired
n_249, 0,0,0,0,0, not_tired
n_25, 12,12,18,-23,-209, not_tired
n_25, 0,0,0,0,0, not_tired
n_25, 11,10,12,-23,-184, not_tired
n_25, 12,11,7,-21,-186, not_tired
n_25, 13,11,1,-26,-186, not_tired
n_25, 14,15,7,-60,-202, not_tired
n_25, 13,14,17,-62,-200, not_tired
n_25, 12,15,18,-56,-192, not_tired
n_25, 14,16,21,-40,-210, not_tired
n_25, 10,14,4,-66,-207, not_tired
n_250, 0,0,0,0,0, not_tired
n_250, 8,7,0,44,-128, not_tired
n_250, 8,6,0,45,-137, not_tired
n_250, 6,6,0,46,-133, not_tired
n_250, 7,3,0,44,-141, not_tired
n_250, 9,9,1,33,-149, not_tired
n_250, 8,6,0,41,-143, not_tired
n_250, 9,10,6,32,-134, not_tired
n_250, 0,0,0,0,0, not_tired
n_250, 9,14,3,49,-127, not_tired
n_251, 8,6,0,37,-137, not_tired
n_251, 9,6,0,36,-134, not_tired
n_251, 11,7,0,42,-135, not_tired
n_251, 7,8,0,31,-143, not_tired
n_251, 10,9,1,44,-136, not_tired
n_251, 8,9,0,37,-139, not_tired
n_251, 0,0,0,0,0, not_tired
n_251, 0,0,0,0,0, not_tired
n_251, 0,0,0,0,0, not_tired
n_251, 6,9,0,-26,-133, not_tired
n_252, 0,0,0,0,0, not_tired
n_252, 12,12,1,-38,-143, not_tired
n_252, 13,12,1,-40,-140, not_tired
n_252, 10,11,0,-38,-139, not_tired
n_252, 7,13,0,-32,-138, not_tired
n_252, 10,12,0,1,-135, not_tired
n_252, 11,14,0,-35,-141, not_tired
n_252, 9,12,1,-41,-147, not_tired
n_252, 13,14,1,-36,-154, not_tired
n_252, 10,14,1,-41,-151, not_tired
n_253, 0,0,0,0,0, not_tired
n_253, 6,16,0,30,-116, not_tired
n_253, 7,10,0,26,-100, not_tired
n_253, 9,11,0,21,-117, not_tired
n_253, 7,10,1,32,-115, not_tired
n_253, 7,14,0,-48,-121, not_tired
n_253, 5,3,0,-60,-135, not_tired
n_253, 13,15,1,36,-120, not_tired
n_253, 10,13,0,35,-124, not_tired
n_253, 12,14,0,49,-119, not_tired
n_254, 9,15,0,19,-134, not_tired
n_254, 12,15,0,42,-125, not_tired
n_254, 7,9,0,65,-124, not_tired
n_254, 8,13,0,39,-121, not_tired
n_254, 0,0,0,0,0, not_tired
n_254, 9,13,0,31,-143, not_tired
n_254, 11,15,0,29,-130, not_tired
n_254, 9,15,0,34,-125, not_tired
n_254, 12,13,0,56,-123, not_tired
n_254, 8,4,1,61,-122, not_tired
n_255, 5,3,0,19,-139, not_tired
n_255, 10,14,0,17,-126, not_tired
n_255, 12,15,0,11,-125, not_tired
n_255, 13,13,0,26,-123, not_tired
n_255, 11,13,0,13,-132, not_tired
n_255, 12,13,0,15,-124, not_tired
n_255, 10,16,0,18,-116, not_tired
n_255, 12,15,0,22,-120, not_tired
n_255, 13,14,0,34,-114, not_tired
n_255, 12,15,0,30,-115, not_tired
n_256, 11,15,1,20,-125, not_tired
n_256, 0,0,0,0,0, not_tired
n_256, 14,14,0,35,-125, not_tired
n_256, 12,13,0,41,-114, not_tired
n_256, 12,14,0,24,-131, not_tired
n_256, 11,14,0,22,-121, not_tired
n_256, 12,15,0,19,-137, not_tired
n_256, 12,14,0,35,-103, not_tired
n_256, 10,13,0,19,-116, not_tired
n_256, 12,11,0,24,-104, not_tired
n_257, 12,16,1,29,-111, not_tired
n_257, 13,15,0,40,-111, not_tired
n_257, 11,15,0,35,-109, not_tired
n_257, 13,16,0,37,-127, not_tired
n_257, 14,15,0,34,-154, not_tired
n_257, 13,15,0,49,-149, not_tired
n_257, 14,14,1,14,-143, not_tired
n_257, 0,0,0,0,0, not_tired
n_257, 0,0,0,0,0, not_tired
n_257, 0,0,0,0,0, not_tired
n_258, 10,12,0,32,-116, not_tired
n_258, 11,10,0,37,-127, not_tired
n_258, 10,11,0,35,-128, not_tired
n_258, 12,12,0,38,-123, not_tired
n_258, 10,13,0,24,-126, not_tired
n_258, 11,12,0,35,-125, not_tired
n_258, 8,13,0,32,-126, not_tired
n_258, 11,13,0,26,-119, not_tired
n_258, 12,14,0,27,-121, not_tired
n_258, 10,13,0,20,-128, not_tired
n_259, 9,13,1,20,-126, not_tired
n_259, 0,0,0,0,0, not_tired
n_259, 3,11,0,46,-134, not_tired
n_259, 12,12,0,21,-126, not_tired
n_259, 0,0,0,0,0, not_tired
n_259, 11,14,0,37,-136, not_tired
n_259, 11,10,0,68,-129, not_tired
n_259, 0,0,0,0,0, not_tired
n_259, 9,14,0,33,-130, not_tired
n_259, 6,4,0,46,-113, not_tired
n_26, 12,12,1,-21,-154, not_tired
n_26, 6,10,0,-33,-142, not_tired
n_26, 0,0,0,0,0, not_tired
n_26, 15,15,16,-24,-202, not_tired
n_26, 15,17,20,-37,-202, not_tired
n_26, 6,7,1,-67,-181, not_tired
n_26, 13,14,18,-36,-197, not_tired
n_26, 12,14,27,-51,-205, not_tired
n_26, 7,9,0,-67,-184, not_tired
n_26, 14,11,27,-38,-192, not_tired
n_260, 0,0,0,0,0, not_tired
n_260, 9,11,0,23,-127, not_tired
n_260, 8,6,13,21,-129, not_tired
n_260, 4,4,0,28,-123, not_tired
n_260, 8,12,1,25,-120, not_tired
n_260, 1,8,11,28,-124, not_tired
n_260, 13,15,13,45,-126, not_tired
n_260, 7,13,9,18,-138, not_tired
n_260, 8,11,15,32,-106, not_tired
n_260, 5,9,3,43,-100, not_tired
n_261, 8,11,6,37,-120, not_tired
n_261, 6,11,13,45,-131, not_tired
n_261, 8,13,0,20,-129, not_tired
n_261, 11,12,1,25,-129, not_tired
n_261, 11,13,1,30,-146, not_tired
n_261, 6,10,1,28,-138, not_tired
n_261, 9,13,6,32,-120, not_tired
n_261, 10,12,0,32,-119, not_tired
n_261, 9,14,0,29,-121, not_tired
n_261, 9,11,0,34,-118, not_tired
n_262, 10,13,2,29,-136, not_tired
n_262, 11,15,11,40,-127, not_tired
n_262, 10,8,0,59,-121, not_tired
n_262, 6,11,6,21,-127, not_tired
n_262, 0,0,0,0,0, not_tired
n_262, 8,13,1,20,-122, not_tired
n_262, 10,12,13,26,-118, not_tired
n_262, 5,13,0,42,-132, not_tired
n_262, 5,11,3,25,-123, not_tired
n_262, 9,15,8,27,-113, not_tired
n_263, 9,13,6,25,-115, not_tired
n_263, 8,13,8,24,-113, not_tired
n_263, 8,11,12,29,-114, not_tired
n_263, 9,12,1,46,-126, not_tired
n_263, 7,13,3,26,-133, not_tired
n_263, 7,6,9,37,-118, not_tired
n_263, 8,11,0,30,-118, not_tired
n_263, 8,10,0,31,-119, not_tired
n_263, 9,13,4,27,-123, not_tired
n_263, 12,13,1,27,-143, not_tired
n_264, 8,9,0,17,-106, not_tired
n_264, 9,9,8,31,-126, not_tired
n_264, 8,12,13,9,-139, not_tired
n_264, 7,10,0,54,-139, not_tired
n_264, 5,10,10,17,-132, not_tired
n_264, 9,11,8,30,-123, not_tired
n_264, 9,11,0,35,-114, not_tired
n_264, 7,12,11,15,-127, not_tired
n_264, 9,13,10,15,-120, not_tired
n_264, 13,15,2,48,-122, not_tired
n_265, 4,6,2,41,-120, not_tired
n_265, 8,12,1,23,-121, not_tired
n_265, 0,0,0,0,0, not_tired
n_265, 8,12,18,21,-128, not_tired
n_265, 8,13,10,23,-124, not_tired
n_265, 6,10,10,32,-123, not_tired
n_265, 8,10,0,44,-125, not_tired
n_265, 2,9,10,24,-124, not_tired
n_265, 8,13,14,15,-128, not_tired
n_265, 5,2,11,34,-116, not_tired
n_266, 0,0,0,0,0, not_tired
n_266, 7,10,0,-11,-143, not_tired
n_266, 6,8,0,-20,-138, not_tired
n_266, 0,0,0,0,0, not_tired
n_266, 0,0,0,0,0, not_tired
n_266, 5,6,1,-48,-120, not_tired
n_266, 4,7,1,-40,-107, not_tired
n_266, 0,0,0,0,0, not_tired
n_266, 3,4,0,25,-158, not_tired
n_266, 9,9,1,29,-120, not_tired
n_267, 10,4,0,-3,-104, not_tired
n_267, 11,11,0,-11,-123, not_tired
n_267, 9,12,0,-19,-125, not_tired
n_267, 0,0,0,0,0, not_tired
n_267, 11,13,0,-1,-132, not_tired
n_267, 11,11,0,-13,-124, not_tired
n_267, 6,3,0,-24,-123, not_tired
n_267, 12,11,0,-9,-125, not_tired
n_267, 11,14,1,-7,-125, not_tired
n_267, 11,14,0,-14,-123, not_tired
n_268, 9,10,1,-19,-123, not_tired
n_268, 11,11,0,-16,-122, not_tired
n_268, 10,13,0,-11,-121, not_tired
n_268, 9,9,0,-11,-120, not_tired
n_268, 10,12,0,-14,-120, not_tired
n_268, 10,11,0,-4,-131, not_tired
n_268, 11,14,1,-4,-135, not_tired
n_268, 16,17,1,6,-142, not_tired
n_268, 15,13,0,2,-148, not_tired
n_268, 11,9,0,-11,-137, not_tired
n_269, 12,12,1,-18,-113, not_tired
n_269, 11,13,0,35,-128, not_tired
n_269, 12,12,1,-19,-127, not_tired
n_269, 9,15,8,-8,-135, not_tired
n_269, 6,8,0,16,-137, not_tired
n_269, 7,10,0,-23,-128, not_tired
n_269, 6,8,0,-30,-127, not_tired
n_269, 10,12,0,-25,-123, not_tired
n_269, 10,12,0,-20,-128, not_tired
n_269, 11,12,1,-18,-126, not_tired
n_27, 12,15,16,-25,-148, not_tired
n_27, 10,12,17,-48,-198, not_tired
n_27, 13,12,15,-43,-200, not_tired
n_27, 10,11,16,-42,-201, not_tired
n_27, 13,11,14,-29,-189, not_tired
n_27, 11,12,23,-42,-211, not_tired
n_27, 10,11,20,-32,-199, not_tired
n_27, 13,15,16,-27,-207, not_tired
n_27, 11,15,15,-26,-203, not_tired
n_27, 14,13,8,-50,-199, not_tired
n_270, 0,0,0,0,0, not_tired
n_270, 3,2,0,16,-105, not_tired
n_270, 11,11,0,-16,-114, not_tired
n_270, 13,14,0,-12,-121, not_tired
n_270, 11,12,0,-12,-117, not_tired
n_270, 10,11,1,-19,-121, not_tired
n_270, 10,11,0,-23,-117, not_tired
n_270, 8,9,0,-11,-122, not_tired
n_270, 12,12,1,-19,-111, not_tired
n_270, 11,10,0,-18,-102, not_tired
n_271, 11,13,0,-1,-117, not_tired
n_271, 10,8,0,-15,-129, not_tired
n_271, 12,13,0,-11,-117, not_tired
n_271, 10,12,0,-18,-118, not_tired
n_271, 7,8,1,-22,-103, not_tired
n_271, 10,9,0,-16,-108, not_tired
n_271, 9,10,0,-27,-115, not_tired
n_271, 9,12,0,-20,-118, not_tired
n_271, 7,8,0,-10,-117, not_tired
n_271, 10,12,0,-11,-121, not_tired
n_272, 11,12,0,-15,-122, not_tired
n_272, 10,15,0,13,-120, not_tired
n_272, 13,12,1,21,-114, not_tired
n_272, 12,11,0,-12,-110, not_tired
n_272, 12,12,0,-12,-113, not_tired
n_272, 12,12,0,-13,-112, not_tired
n_272, 12,11,0,-15,-110, not_tired
n_272, 12,13,0,-16,-116, not_tired
n_272, 9,7,1,-11,-113, not_tired
n_272, 10,11,0,-10,-113, not_tired
n_273, 0,0,0,0,0, not_tired
n_273, 11,14,0,-27,-159, not_tired
n_273, 0,0,0,0,0, not_tired
n_273, 11,15,0,10,-130, not_tired
n_273, 8,9,0,31,-135, not_tired
n_273, 14,12,0,-13,-134, not_tired
n_273, 0,0,0,0,0, not_tired
n_273, 12,13,0,-10,-135, not_tired
n_273, 9,10,0,-8,-129, not_tired
n_273, 12,12,0,-20,-122, not_tired
n_274, 0,0,0,0,0, not_tired
n_274, 10,13,0,-10,-117, not_tired
n_274, 11,13,0,-6,-113, not_tired
n_274, 7,12,0,-11,-118, not_tired
n_274, 11,15,0,-6,-121, not_tired
n_274, 10,15,0,27,-125, not_tired
n_274, 10,15,0,-2,-124, not_tired
n_274, 13,13,0,33,-138, not_tired
n_274, 0,0,0,0,0, not_tired
n_274, 10,9,0,-32,-126, not_tired
n_275, 10,11,0,-25,-126, not_tired
n_275, 11,11,0,-10,-135, not_tired
n_275, 11,11,0,-14,-131, not_tired
n_275, 10,9,0,-26,-126, not_tired
n_275, 9,10,0,-26,-115, not_tired
n_275, 0,0,0,0,0, not_tired
n_275, 9,10,3,-24,-119, not_tired
n_275, 8,10,0,-25,-122, not_tired
n_275, 5,8,3,-35,-124, not_tired
n_275, 14,14,0,-5,-133, not_tired
n_276, 8,10,0,-23,-121, not_tired
n_276, 11,10,0,-22,-122, not_tired
n_276, 8,7,1,-17,-121, not_tired
n_276, 8,12,0,-21,-121, not_tired
n_276, 5,5,0,-11,-123, not_tired
n_276, 9,10,0,-18,-120, not_tired
n_276, 11,11,0,-18,-117, not_tired
n_276, 11,11,0,-14,-112, not_tired
n_276, 12,11,0,0,-117, not_tired
n_276, 8,9,0,26,-129, not_tired
n_277, 8,7,1,-3,-128, not_tired
n_277, 10,10,0,-18,-125, not_tired
n_277, 7,6,0,-17,-128, not_tired
n_277, 11,8,0,-21,-126, not_tired
n_277, 4,7,0,-24,-123, not_tired
n_277, 11,10,0,22,-123, not_tired
n_277, 8,7,1,-14,-118, not_tired
n_277, 8,9,0,-10,-129, not_tired
n_277, 7,7,0,-18,-126, not_tired
n_277, 11,12,0,17,-128, not_tired
n_278, 8,12,0,-2,-125, not_tired
n_278, 10,11,0,-15,-119, not_tired
n_278, 8,12,0,8,-122, not_tired
n_278, 8,12,9,12,-122, not_tired
n_278, 7,11,0,8,-124, not_tired
n_278, 10,13,0,36,-125, not_tired
n_278, 2,0,0,17,-123, not_tired
n_278, 10,11,1,22,-126, not_tired
n_278, 11,11,1,19,-133, not_tired
n_278, 9,8,1,-15,-126, not_tired
n_279, 10,11,0,-14,-100, not_tired
n_279, 4,7,0,-25,-122, not_tired
n_279, 7,9,0,-19,-119, not_tired
n_279, 5,5,0,-30,-118, not_tired
n_279, 9,9,0,-17,-121, not_tired
n_279, 6,9,0,-23,-128, not_tired
n_279, 9,12,0,32,-129, not_tired
n_279, 5,3,0,-18,-123, not_tired
n_279, 6,8,0,-13,-118, not_tired
n_279, 8,10,0,-10,-121, not_tired
n_28, 16,4,3,-26,-145, not_tired
n_28, 9,11,10,-15,-159, not_tired
n_28, 14,15,9,-45,-187, not_tired
n_28, 12,14,10,-6,-200, not_tired
n_28, 13,13,2,-37,-190, not_tired
n_28, 15,13,14,-27,-198, not_tired
n_28, 11,12,7,-40,-198, not_tired
n_28, 12,12,40,-38,-191, not_tired
n_28, 0,0,0,0,0, not_tired
n_28, 13,14,24,-33,-196, not_tired
n_280, 0,0,0,0,0, not_tired
n_280, 9,11,0,-17,-100, not_tired
n_280, 5,6,1,-52,-116, not_tired
n_280, 6,8,0,-68,-112, not_tired
n_280, 7,7,0,-53,-125, not_tired
n_280, 11,12,1,-26,-124, not_tired
n_280, 10,11,0,-39,-129, not_tired
n_280, 11,8,0,-9,-131, not_tired
n_280, 7,11,0,-30,-125, not_tired
n_280, 5,6,0,-20,-126, not_tired
n_281, 12,13,0,-1,-108, not_tired
n_281, 4,2,0,2,-117, not_tired
n_281, 11,9,0,-1,-124, not_tired
n_281, 5,7,0,-29,-124, not_tired
n_281, 0,0,0,0,0, not_tired
n_281, 11,10,0,-19,-127, not_tired
n_281, 10,10,0,-7,-133, not_tired
n_281, 10,11,0,-10,-134, not_tired
n_281, 11,10,0,-9,-129, not_tired
n_281, 10,13,0,-6,-122, not_tired
n_282, 0,0,0,0,0, not_tired
n_282, 11,12,0,-19,-118, not_tired
n_282, 10,10,0,-29,-124, not_tired
n_282, 11,10,0,-35,-125, not_tired
n_282, 4,9,0,25,-129, not_tired
n_282, 8,10,0,-31,-129, not_tired
n_282, 6,9,0,-22,-122, not_tired
n_282, 11,10,0,-17,-123, not_tired
n_282, 0,0,0,0,0, not_tired
n_282, 11,15,0,2,-141, not_tired
n_283, 0,0,0,0,0, not_tired
n_283, 11,7,1,-25,-120, not_tired
n_283, 11,9,15,-1,-126, not_tired
n_283, 8,6,2,-42,-130, not_tired
n_283, 0,0,0,0,0, not_tired
n_283, 10,11,0,-23,-136, not_tired
n_283, 11,11,0,-8,-138, not_tired
n_283, 13,12,0,-16,-143, not_tired
n_283, 7,7,0,-19,-133, not_tired
n_283, 0,0,0,0,0, not_tired
n_284, 8,8,0,-24,-116, not_tired
n_284, 5,7,0,-33,-112, not_tired
n_284, 0,0,0,0,0, not_tired
n_284, 10,10,0,-39,-117, not_tired
n_284, 0,0,0,0,0, not_tired
n_284, 4,8,1,-53,-122, not_tired
n_284, 10,9,0,-35,-129, not_tired
n_284, 0,0,0,0,0, not_tired
n_284, 1,7,1,-35,-129, not_tired
n_284, 0,0,0,0,0, not_tired
n_285, 6,7,0,-21,-111, not_tired
n_285, 7,9,0,-22,-116, not_tired
n_285, 0,0,0,0,0, not_tired
n_285, 9,11,0,-14,-118, not_tired
n_285, 9,10,0,-25,-106, not_tired
n_285, 9,11,0,-24,-110, not_tired
n_285, 0,0,0,0,0, not_tired
n_285, 7,10,0,-28,-117, not_tired
n_285, 10,11,0,-24,-118, not_tired
n_285, 3,4,0,-27,-120, not_tired
n_286, 3,6,0,-25,-127, not_tired
n_286, 9,6,1,-57,-121, not_tired
n_286, 6,5,0,-36,-125, not_tired
n_286, 8,4,1,-67,-112, not_tired
n_286, 10,11,1,-19,-127, not_tired
n_286, 0,0,0,0,0, not_tired
n_286, 7,9,0,-26,-111, not_tired
n_286, 6,8,1,-25,-118, not_tired
n_286, 1,2,0,-43,-124, not_tired
n_286, 11,11,0,-17,-116, not_tired
n_287, 9,11,0,-21,-122, not_tired
n_287, 10,12,0,-23,-118, not_tired
n_287, 8,12,0,-21,-119, not_tired
n_287, 2,10,0,-21,-123, not_tired
n_287, 6,9,0,-22,-125, not_tired
n_287, 3,10,0,-29,-124, not_tired
n_287, 6,2,0,-28,-129, not_tired
n_287, 12,14,0,37,-129, not_tired
n_287, 4,2,1,-22,-120, not_tired
n_287, 8,9,1,-23,-120, not_tired
n_288, 9,11,0,-52,-125, not_tired
n_288, 7,6,0,-55,-124, not_tired
n_288, 8,10,0,-33,-130, not_tired
n_288, 10,6,1,-57,-120, not_tired
n_288, 13,10,1,-48,-129, not_tired
n_288, 10,9,1,-50,-125, not_tired
n_288, 8,11,0,-33,-128, not_tired
n_288, 9,6,1,-54,-118, not_tired
n_288, 4,6,1,-37,-126, not_tired
n_288, 5,8,0,-24,-127, not_tired
n_289, 6,10,0,-14,-124, not_tired
n_289, 9,7,0,-14,-133, not_tired
n_289, 6,6,0,-13,-130, not_tired
n_289, 12,10,1,-23,-127, not_tired
n_289, 12,14,1,20,-134, not_tired
n_289, 12,10,0,-12,-131, not_tired
n_289, 11,13,0,24,-135, not_tired
n_289, 12,13,0,-7,-134, not_tired
n_289, 11,16,0,12,-132, not_tired
n_289, 2,7,0,-37,-118, not_tired
n_29, 6,10,0,-14,-131, not_tired
n_29, 12,9,12,-14,-172, not_tired
n_29, 13,11,24,-18,-196, not_tired
n_29, 15,10,19,-17,-194, not_tired
n_29, 0,0,0,0,0, not_tired
n_29, 15,12,25,-33,-189, not_tired
n_29, 15,12,4,-24,-200, not_tired
n_29, 15,13,1,-22,-190, not_tired
n_29, 17,17,0,-23,-204, not_tired
n_29, 12,11,17,-37,-190, not_tired
n_290, 0,0,0,0,0, not_tired
n_290, 11,11,0,-20,-125, not_tired
n_290, 10,11,0,-19,-124, not_tired
n_290, 9,13,0,-22,-118, not_tired
n_290, 8,6,2,-2,-123, not_tired
n_290, 10,9,0,-2,-133, not_tired
n_290, 8,9,0,-14,-130, not_tired
n_290, 11,13,1,-3,-135, not_tired
n_290, 9,9,1,-15,-128, not_tired
n_290, 9,11,0,-25,-125, not_tired
n_291, 10,10,0,-24,-133, not_tired
n_291, 13,11,1,-4,-135, not_tired
n_291, 10,8,0,-44,-127, not_tired
n_291, 0,0,0,0,0, not_tired
n_291, 1,3,0,5,-132, not_tired
n_291, 11,12,0,-28,-135, not_tired
n_291, 9,6,1,-43,-124, not_tired
n_291, 10,11,0,-38,-128, not_tired
n_291, 9,8,0,-13,-130, not_tired
n_291, 9,10,0,-19,-123, not_tired
n_292, 10,10,0,-23,-113, not_tired
n_292, 11,10,0,-28,-105, not_tired
n_292, 5,7,0,-27,-112, not_tired
n_292, 9,10,0,-27,-125, not_tired
n_292, 9,11,0,-25,-117, not_tired
n_292, 8,9,1,-21,-112, not_tired
n_292, 9,10,0,-19,-114, not_tired
n_292, 8,9,0,-34,-132, not_tired
n_292, 10,10,0,-21,-135, not_tired
n_292, 10,4,0,-36,-118, not_tired
n_293, 9,10,1,-33,-113, not_tired
n_293, 2,0,0,-25,-118, not_tired
n_293, 8,10,0,-23,-116, not_tired
n_293, 8,10,0,-24,-117, not_tired
n_293, 6,9,0,-33,-119, not_tired
n_293, 8,10,0,-23,-117, not_tired
n_293, 8,10,0,-27,-115, not_tired
n_293, 9,11,0,-25,-117, not_tired
n_293, 10,11,0,-24,-117, not_tired
n_293, 11,11,1,-22,-111, not_tired
n_294, 11,13,0,-16,-116, not_tired
n_294, 6,8,0,-17,-113, not_tired
n_294, 8,10,0,-21,-122, not_tired
n_294, 7,9,0,-35,-124, not_tired
n_294, 10,10,0,-19,-131, not_tired
n_294, 1,0,0,15,-131, not_tired
n_294, 8,9,0,-23,-125, not_tired
n_294, 1,1,0,-12,-131, not_tired
n_294, 9,7,0,-19,-124, not_tired
n_294, 9,10,0,-22,-119, not_tired
n_295, 7,10,0,-18,-126, not_tired
n_295, 8,10,0,-16,-120, not_tired
n_295, 7,2,0,-23,-119, not_tired
n_295, 8,8,0,-19,-116, not_tired
n_295, 10,8,0,-12,-116, not_tired
n_295, 10,10,0,-32,-124, not_tired
n_295, 2,5,0,-4,-123, not_tired
n_295, 9,9,0,-15,-122, not_tired
n_295, 13,12,0,31,-128, not_tired
n_295, 9,10,1,-25,-124, not_tired
n_296, 5,6,1,-10,-123, not_tired
n_296, 0,0,0,0,0, not_tired
n_296, 12,10,0,-14,-140, not_tired
n_296, 10,9,0,-24,-132, not_tired
n_296, 9,10,0,-24,-128, not_tired
n_296, 5,9,0,-36,-128, not_tired
n_296, 7,9,0,-26,-126, not_tired
n_296, 8,8,0,-25,-123, not_tired
n_296, 6,10,0,-37,-129, not_tired
n_296, 10,12,0,19,-124, not_tired
n_297, 7,9,13,-14,-132, not_tired
n_297, 10,9,13,-14,-120, not_tired
n_297, 9,9,17,-12,-116, not_tired
n_297, 8,6,10,-4,-130, not_tired
n_297, 10,7,0,-10,-118, not_tired
n_297, 8,12,0,-25,-117, not_tired
n_297, 0,0,0,0,0, not_tired
n_297, 8,10,0,53,-104, not_tired
n_297, 0,0,0,0,0, not_tired
n_297, 10,6,0,41,-126, not_tired
n_298, 4,10,17,-17,-119, not_tired
n_298, 7,9,16,-16,-115, not_tired
n_298, 8,9,4,-12,-125, not_tired
n_298, 8,9,0,-19,-121, not_tired
n_298, 7,7,0,-11,-115, not_tired
n_298, 8,9,17,-8,-115, not_tired
n_298, 8,9,19,-20,-123, not_tired
n_298, 7,4,21,-23,-123, not_tired
n_298, 9,6,22,-27,-115, not_tired
n_298, 6,9,15,-22,-116, not_tired
n_299, 2,3,0,32,-132, not_tired
n_299, 0,0,0,0,0, not_tired
n_299, 9,10,0,-31,-122, not_tired
n_299, 12,11,0,-26,-122, not_tired
n_299, 12,12,0,-20,-115, not_tired
n_299, 9,10,0,-29,-122, not_tired
n_299, 11,8,0,-21,-105, not_tired
n_299, 12,10,0,-13,-109, not_tired
n_299, 11,10,0,-23,-115, not_tired
n_299, 7,9,16,-37,-119, not_tired
n_3, 15,10,3,-22,-156, not_tired
n_3, 9,8,1,-11,-169, not_tired
n_3, 11,9,16,-32,-198, not_tired
n_3, 8,13,11,29,-201, not_tired
n_3, 10,10,14,-36,-201, not_tired
n_3, 14,9,11,28,-201, not_tired
n_3, 13,9,10,-40,-194, not_tired
n_3, 12,12,14,-51,-201, not_tired
n_3, 13,11,4,-41,-196, not_tired
n_3, 12,10,1,-61,-201, not_tired
n_30, 13,10,18,-41,-183, not_tired
n_30, 2,4,0,-33,-197, not_tired
n_30, 14,12,13,-39,-196, not_tired
n_30, 14,13,11,-34,-199, not_tired
n_30, 5,1,7,-13,-214, not_tired
n_30, 15,11,11,-27,-193, not_tired
n_30, 11,11,16,-23,-191, not_tired
n_30, 16,14,9,-18,-203, not_tired
n_30, 13,12,11,-21,-206, not_tired
n_30, 5,8,5,-29,-205, not_tired
n_300, 0,0,0,0,0, not_tired
n_300, 9,6,1,-33,-116, not_tired
n_300, 0,0,0,0,0, not_tired
n_300, 1,9,0,12,-137, not_tired
n_300, 0,3,1,-10,-128, not_tired
n_300, 0,0,0,0,0, not_tired
n_300, 9,8,0,-31,-123, not_tired
n_300, 10,11,0,-17,-129, not_tired
n_300, 3,8,0,-14,-126, not_tired
n_300, 0,0,0,0,0, not_tired
n_301, 8,9,0,-40,-113, not_tired
n_301, 6,5,0,-18,-117, not_tired
n_301, 0,0,0,0,0, not_tired
n_301, 5,7,0,-7,-113, not_tired
n_301, 11,9,0,-15,-114, not_tired
n_301, 10,10,0,-26,-118, not_tired
n_301, 10,10,0,-18,-116, not_tired
n_301, 11,10,0,-23,-113, not_tired
n_301, 0,1,1,13,-116, not_tired
n_301, 7,7,2,13,-111, not_tired
n_302, 0,0,0,0,0, not_tired
n_302, 12,10,0,-4,-104, not_tired
n_302, 0,0,0,0,0, not_tired
n_302, 7,10,11,-9,-121, not_tired
n_302, 7,10,26,-48,-115, not_tired
n_302, 5,9,15,-18,-125, not_tired
n_302, 9,11,0,-11,-121, not_tired
n_302, 2,8,0,-23,-122, not_tired
n_302, 3,8,0,-15,-121, not_tired
n_302, 10,11,0,-17,-121, not_tired
n_303, 0,0,0,0,0, not_tired
n_303, 10,13,0,13,-112, not_tired
n_303, 0,0,0,0,0, not_tired
n_303, 11,14,0,-19,-134, not_tired
n_303, 10,12,0,-22,-118, not_tired
n_303, 10,16,0,-1,-127, not_tired
n_303, 10,5,0,31,-124, not_tired
n_303, 10,11,0,-20,-120, not_tired
n_303, 7,9,0,-30,-117, not_tired
n_303, 12,11,0,-22,-116, not_tired
n_304, 12,11,0,-6,-110, not_tired
n_304, 13,10,0,-2,-112, not_tired
n_304, 4,7,1,6,-112, not_tired
n_304, 8,14,0,-16,-115, not_tired
n_304, 11,9,0,-24,-121, not_tired
n_304, 10,7,0,-37,-119, not_tired
n_304, 11,11,0,-9,-127, not_tired
n_304, 12,10,0,-11,-124, not_tired
n_304, 10,12,0,-21,-123, not_tired
n_304, 0,0,0,0,0, not_tired
n_305, 11,10,1,-11,-114, not_tired
n_305, 11,10,0,-21,-113, not_tired
n_305, 0,0,0,0,0, not_tired
n_305, 12,15,0,-30,-125, not_tired
n_305, 12,7,0,-30,-123, not_tired
n_305, 9,9,0,-65,-109, not_tired
n_305, 11,11,0,-26,-118, not_tired
n_305, 11,11,0,-30,-118, not_tired
n_305, 15,15,0,30,-121, not_tired
n_305, 12,11,0,-11,-120, not_tired
n_306, 10,13,0,34,-131, not_tired
n_306, 3,6,0,-25,-124, not_tired
n_306, 11,10,0,-19,-108, not_tired
n_306, 6,2,0,-19,-108, not_tired
n_306, 2,0,0,-8,-112, not_tired
n_306, 9,10,0,-17,-109, not_tired
n_306, 11,9,0,-22,-109, not_tired
n_306, 12,9,0,-16,-106, not_tired
n_306, 11,9,1,-42,-113, not_tired
n_306, 7,8,0,-38,-132, not_tired
n_307, 15,12,0,20,-121, not_tired
n_307, 11,11,0,6,-118, not_tired
n_307, 7,8,0,-31,-111, not_tired
n_307, 3,6,0,-25,-120, not_tired
n_307, 10,7,0,-6,-120, not_tired
n_307, 10,5,1,-71,-118, not_tired
n_307, 12,11,1,-12,-133, not_tired
n_307, 13,10,0,44,-125, not_tired
n_307, 5,7,1,-19,-122, not_tired
n_307, 11,12,0,-21,-117, not_tired
n_308, 6,8,0,-19,-115, not_tired
n_308, 1,3,0,-24,-116, not_tired
n_308, 12,10,0,-26,-115, not_tired
n_308, 1,4,0,10,-137, not_tired
n_308, 12,10,1,-18,-125, not_tired
n_308, 13,9,0,-12,-128, not_tired
n_308, 9,12,1,-56,-130, not_tired
n_308, 7,6,3,-52,-129, not_tired
n_308, 0,8,0,-23,-144, not_tired
n_308, 0,0,0,0,0, not_tired
n_309, 7,7,0,-13,-106, not_tired
n_309, 11,12,0,-16,-114, not_tired
n_309, 10,10,0,-17,-114, not_tired
n_309, 10,9,0,-22,-112, not_tired
n_309, 11,11,0,-19,-107, not_tired
n_309, 11,10,0,-17,-121, not_tired
n_309, 11,8,0,-43,-114, not_tired
n_309, 9,10,2,-42,-113, not_tired
n_309, 0,0,0,0,0, not_tired
n_309, 5,6,0,-19,-117, not_tired
n_31, 17,13,13,-22,-153, not_tired
n_31, 14,10,17,-12,-182, not_tired
n_31, 13,10,0,-19,-196, not_tired
n_31, 15,11,1,-28,-195, not_tired
n_31, 14,12,12,-28,-190, not_tired
n_31, 15,12,14,-30,-189, not_tired
n_31, 15,9,13,-30,-188, not_tired
n_31, 14,16,12,1,-209, not_tired
n_31, 15,9,15,-15,-196, not_tired
n_31, 2,2,13,-39,-187, not_tired
n_310, 0,0,0,0,0, not_tired
n_310, 10,11,1,-38,-112, not_tired
n_310, 10,12,0,-21,-112, not_tired
n_310, 0,0,0,0,0, not_tired
n_310, 13,9,1,-7,-116, not_tired
n_310, 7,6,0,19,-99, not_tired
n_310, 9,8,1,-46,-115, not_tired
n_310, 13,12,0,-14,-117, not_tired
n_310, 9,11,0,-26,-139, not_tired
n_310, 1,6,12,-38,-125, not_tired
n_311, 1,2,0,-7,-133, not_tired
n_311, 0,0,0,0,0, not_tired
n_311, 14,13,1,7,-135, not_tired
n_311, 6,5,0,8,-130, not_tired
n_311, 0,0,0,0,0, not_tired
n_311, 12,15,0,-18,-123, not_tired
n_311, 0,0,0,0,0, not_tired
n_311, 10,8,0,-51,-98, not_tired
n_311, 10,10,0,-33,-107, not_tired
n_311, 7,8,1,-71,-107, not_tired
n_312, 0,0,0,0,0, not_tired
n_312, 10,9,0,19,-122, not_tired
n_312, 0,0,0,0,0, not_tired
n_312, 12,10,15,-17,-97, not_tired
n_312, 14,11,0,-17,-115, not_tired
n_312, 15,13,0,-22,-116, not_tired
n_312, 14,12,5,-35,-124, not_tired
n_312, 0,0,0,0,0, not_tired
n_312, 0,0,0,0,0, not_tired
n_312, 0,0,0,0,0, not_tired
n_313, 8,6,1,-65,-101, not_tired
n_313, 12,9,0,0,-123, not_tired
n_313, 10,12,0,29,-99, not_tired
n_313, 11,11,1,54,-114, not_tired
n_313, 11,12,0,50,-116, not_tired
n_313, 11,11,0,25,-120, not_tired
n_313, 11,9,4,-70,-119, not_tired
n_313, 9,11,1,-31,-133, not_tired
n_313, 12,11,1,-23,-119, not_tired
n_313, 13,9,0,-24,-100, not_tired
n_314, 0,0,0,0,0, not_tired
n_314, 11,7,1,-21,-113, not_tired
n_314, 0,0,0,0,0, not_tired
n_314, 11,8,1,-16,-131, not_tired
n_314, 11,11,0,-19,-118, not_tired
n_314, 0,0,0,0,0, not_tired
n_314, 13,13,1,-14,-132, not_tired
n_314, 12,13,0,-11,-124, not_tired
n_314, 16,15,0,-13,-128, not_tired
n_314, 14,10,0,0,-126, not_tired
n_315, 12,11,0,22,-106, not_tired
n_315, 10,11,0,25,-107, not_tired
n_315, 12,11,1,7,-105, not_tired
n_315, 8,11,0,-35,-133, not_tired
n_315, 8,9,0,-10,-124, not_tired
n_315, 10,10,0,-30,-110, not_tired
n_315, 10,10,0,-63,-108, not_tired
n_315, 11,8,0,-21,-113, not_tired
n_315, 12,12,0,-14,-117, not_tired
n_315, 5,9,0,-49,-116, not_tired
n_316, 0,0,0,0,0, not_tired
n_316, 11,10,0,-18,-112, not_tired
n_316, 9,11,0,-48,-118, not_tired
n_316, 11,10,0,-5,-131, not_tired
n_316, 7,2,1,-39,-118, not_tired
n_316, 14,17,0,1,-139, not_tired
n_316, 9,14,1,29,-136, not_tired
n_316, 8,13,1,35,-139, not_tired
n_316, 0,0,0,0,0, not_tired
n_316, 8,9,0,-24,-124, not_tired
n_317, 0,0,0,0,0, not_tired
n_317, 6,8,0,-47,-120, not_tired
n_317, 0,0,0,0,0, not_tired
n_317, 13,16,1,-7,-137, not_tired
n_317, 12,3,11,-17,-104, not_tired
n_317, 6,6,1,-49,-117, not_tired
n_317, 10,5,0,-16,-121, not_tired
n_317, 11,10,0,-24,-118, not_tired
n_317, 14,13,0,45,-130, not_tired
n_317, 0,0,0,0,0, not_tired
n_318, 15,15,0,1,-213, not_tired
n_318, 8,18,0,12,-175, not_tired
n_318, 13,18,0,26,-176, not_tired
n_318, 17,14,0,-1,-181, not_tired
n_318, 18,19,0,-2,-186, not_tired
n_318, 13,13,0,20,-201, not_tired
n_318, 6,12,0,15,-207, not_tired
n_318, 13,13,0,-46,-183, not_tired
n_318, 12,1,1,-6,-197, not_tired
n_318, 4,19,0,63,-180, not_tired
n_319, 10,8,0,9,-203, not_tired
n_319, 12,13,0,-2,-194, not_tired
n_319, 19,13,1,-35,-189, not_tired
n_319, 9,18,0,43,-181, not_tired
n_319, 13,14,0,12,-182, not_tired
n_319, 15,15,0,5,-184, not_tired
n_319, 13,16,13,-22,-171, not_tired
n_319, 9,10,3,-15,-161, not_tired
n_319, 5,8,0,-18,-174, not_tired
n_319, 11,13,1,2,-148, not_tired
n_32, 0,0,0,0,0, not_tired
n_32, 10,5,0,-80,-174, not_tired
n_32, 16,14,1,-32,-209, not_tired
n_32, 15,13,8,-16,-203, not_tired
n_32, 3,6,0,-34,-185, not_tired
n_32, 12,12,0,-50,-184, not_tired
n_32, 13,12,0,-51,-170, not_tired
n_32, 15,12,5,-23,-184, not_tired
n_32, 13,13,0,-20,-191, not_tired
n_32, 18,15,0,-3,-198, not_tired
n_320, 0,0,0,0,0, not_tired
n_320, 16,15,0,36,-170, not_tired
n_320, 13,12,0,33,-165, not_tired
n_320, 12,17,0,41,-176, not_tired
n_320, 12,15,1,16,-168, not_tired
n_320, 12,13,1,14,-173, not_tired
n_320, 13,16,1,11,-180, not_tired
n_320, 12,15,0,-1,-181, not_tired
n_320, 10,10,0,-22,-169, not_tired
n_320, 12,10,0,-1,-176, not_tired
n_321, 10,10,1,1,-173, not_tired
n_321, 11,10,25,48,-163, not_tired
n_321, 13,13,1,-22,-178, not_tired
n_321, 15,17,1,-43,-172, not_tired
n_321, 14,13,0,-15,-193, not_tired
n_321, 12,17,0,-4,-176, not_tired
n_321, 14,16,1,-6,-170, not_tired
n_321, 15,14,1,-20,-161, not_tired
n_321, 11,8,0,-14,-179, not_tired
n_321, 9,8,0,-38,-184, not_tired
n_322, 0,0,0,0,0, not_tired
n_322, 11,15,25,57,-152, not_tired
n_322, 10,17,0,51,-170, not_tired
n_322, 17,16,0,29,-166, not_tired
n_322, 13,14,0,-21,-171, not_tired
n_322, 15,16,0,-16,-174, not_tired
n_322, 11,17,11,-14,-162, not_tired
n_322, 9,7,0,-12,-175, not_tired
n_322, 10,15,0,5,-179, not_tired
n_322, 12,19,0,-6,-166, not_tired
n_323, 14,15,4,-4,-175, not_tired
n_323, 13,14,1,-9,-172, not_tired
n_323, 14,10,0,-4,-174, not_tired
n_323, 14,15,1,-15,-177, not_tired
n_323, 12,15,0,-12,-177, not_tired
n_323, 10,16,0,-9,-181, not_tired
n_323, 12,17,0,-5,-183, not_tired
n_323, 9,16,0,-4,-176, not_tired
n_323, 10,14,0,-2,-178, not_tired
n_323, 11,14,0,-18,-173, not_tired
n_324, 11,14,0,-15,-171, not_tired
n_324, 13,16,0,-18,-176, not_tired
n_324, 13,15,0,-11,-179, not_tired
n_324, 9,9,0,-18,-177, not_tired
n_324, 12,16,1,-15,-171, not_tired
n_324, 12,15,0,-19,-174, not_tired
n_324, 12,15,0,-17,-174, not_tired
n_324, 7,9,0,-20,-175, not_tired
n_324, 11,14,1,-19,-177, not_tired
n_324, 11,13,0,-14,-179, not_tired
n_325, 12,12,0,-19,-175, not_tired
n_325, 16,15,1,-3,-170, not_tired
n_325, 17,15,0,-27,-175, not_tired
n_325, 18,16,1,-13,-175, not_tired
n_325, 13,15,0,-26,-179, not_tired
n_325, 10,16,0,-14,-175, not_tired
n_325, 13,12,0,-18,-169, not_tired
n_325, 13,11,1,-11,-178, not_tired
n_325, 12,16,0,-23,-180, not_tired
n_325, 14,15,0,-9,-176, not_tired
n_326, 15,15,0,-11,-178, not_tired
n_326, 13,13,1,-10,-177, not_tired
n_326, 14,13,0,-10,-184, not_tired
n_326, 10,14,14,-16,-163, not_tired
n_326, 10,16,0,-16,-168, not_tired
n_326, 12,18,0,-19,-174, not_tired
n_326, 16,15,0,-32,-177, not_tired
n_326, 14,15,1,-36,-179, not_tired
n_326, 14,17,0,-25,-182, not_tired
n_326, 18,15,0,-8,-185, not_tired
n_327, 12,16,1,-10,-184, not_tired
n_327, 17,17,1,-1,-179, not_tired
n_327, 16,16,0,-37,-183, not_tired
n_327, 14,16,1,-10,-172, not_tired
n_327, 14,17,0,-5,-173, not_tired
n_327, 16,15,0,6,-180, not_tired
n_327, 14,15,1,-5,-179, not_tired
n_327, 14,16,0,-9,-177, not_tired
n_327, 14,16,0,-2,-177, not_tired
n_327, 14,15,1,-1,-169, not_tired
n_328, 16,15,0,22,-173, not_tired
n_328, 9,14,0,1,-174, not_tired
n_328, 0,0,0,0,0, not_tired
n_328, 15,15,0,-21,-193, not_tired
n_328, 11,17,0,21,-170, not_tired
n_328, 4,14,0,-7,-176, not_tired
n_328, 9,16,0,-14,-161, not_tired
n_328, 13,16,0,-13,-185, not_tired
n_328, 11,15,1,-18,-174, not_tired
n_328, 9,13,1,-22,-171, not_tired
n_329, 14,11,9,-42,-186, not_tired
n_329, 12,16,0,-43,-173, not_tired
n_329, 15,17,0,-37,-187, not_tired
n_329, 14,18,0,-18,-183, not_tired
n_329, 16,15,0,-17,-170, not_tired
n_329, 9,15,0,-10,-171, not_tired
n_329, 16,20,1,-56,-180, not_tired
n_329, 16,19,0,15,-171, not_tired
n_329, 15,19,1,-57,-189, not_tired
n_329, 5,8,0,-68,-184, not_tired
n_33, 0,0,0,0,0, not_tired
n_33, 15,11,0,-25,-197, not_tired
n_33, 16,13,0,-22,-194, not_tired
n_33, 16,11,1,-19,-192, not_tired
n_33, 17,12,0,-18,-175, not_tired
n_33, 15,12,0,-13,-162, not_tired
n_33, 15,11,0,-20,-180, not_tired
n_33, 18,13,1,-23,-189, not_tired
n_33, 16,15,1,-28,-189, not_tired
n_33, 17,12,0,-26,-185, not_tired
n_330, 0,0,0,0,0, not_tired
n_330, 0,0,0,0,0, not_tired
n_330, 2,19,4,-154,-219, not_tired
n_330, 10,20,1,-168,-230, not_tired
n_330, 0,0,0,0,0, not_tired
n_330, 16,19,0,-21,-196, not_tired
n_330, 17,16,0,-7,-194, not_tired
n_330, 9,9,1,-59,-200, not_tired
n_330, 0,0,0,0,0, not_tired
n_330, 10,12,0,14,-194, not_tired
n_331, 6,12,0,-24,-195, not_tired
n_331, 12,16,0,-15,-180, not_tired
n_331, 11,17,0,-12,-180, not_tired
n_331, 14,17,0,-12,-182, not_tired
n_331, 10,15,0,-18,-178, not_tired
n_331, 12,15,1,-9,-170, not_tired
n_331, 15,16,0,16,-172, not_tired
n_331, 16,17,0,20,-181, not_tired
n_331, 15,17,1,12,-175, not_tired
n_331, 13,15,0,1,-181, not_tired
n_332, 15,15,1,2,-176, not_tired
n_332, 15,15,0,1,-179, not_tired
n_332, 14,13,0,8,-178, not_tired
n_332, 16,11,0,10,-177, not_tired
n_332, 15,13,0,3,-180, not_tired
n_332, 14,13,0,5,-182, not_tired
n_332, 14,17,0,-7,-182, not_tired
n_332, 13,15,0,36,-178, not_tired
n_332, 14,17,0,28,-182, not_tired
n_332, 15,15,1,-9,-189, not_tired
n_333, 15,15,0,-5,-178, not_tired
n_333, 11,14,0,-12,-180, not_tired
n_333, 11,16,0,-36,-188, not_tired
n_333, 14,14,0,-37,-180, not_tired
n_333, 4,2,0,-23,-178, not_tired
n_333, 16,14,1,35,-174, not_tired
n_333, 15,13,0,-1,-180, not_tired
n_333, 14,13,1,-14,-177, not_tired
n_333, 15,16,0,16,-179, not_tired
n_333, 13,13,1,0,-176, not_tired
n_334, 13,12,3,-12,-181, not_tired
n_334, 14,15,2,-13,-178, not_tired
n_334, 13,13,0,-4,-176, not_tired
n_334, 14,15,0,-2,-180, not_tired
n_334, 13,14,0,-5,-173, not_tired
n_334, 13,12,0,-6,-178, not_tired
n_334, 14,16,0,-12,-172, not_tired
n_334, 13,17,0,-5,-170, not_tired
n_334, 14,15,0,-13,-174, not_tired
n_334, 14,16,1,-18,-172, not_tired
n_335, 12,17,0,-3,-182, not_tired
n_335, 15,16,0,-10,-177, not_tired
n_335, 16,18,1,-7,-173, not_tired
n_335, 8,14,1,-7,-151, not_tired
n_335, 10,11,1,-10,-147, not_tired
n_335, 16,13,1,-57,-168, not_tired
n_335, 13,13,0,-17,-169, not_tired
n_335, 14,15,0,-12,-174, not_tired
n_335, 11,14,0,-15,-173, not_tired
n_335, 13,13,0,-2,-174, not_tired
n_336, 13,14,0,-9,-172, not_tired
n_336, 12,12,0,0,-177, not_tired
n_336, 9,9,0,-10,-170, not_tired
n_336, 12,13,0,-3,-170, not_tired
n_336, 13,15,1,-1,-171, not_tired
n_336, 11,14,0,-23,-175, not_tired
n_336, 15,13,1,-24,-173, not_tired
n_336, 13,15,0,-1,-170, not_tired
n_336, 13,15,0,-10,-170, not_tired
n_336, 12,12,0,10,-173, not_tired
n_337, 12,13,0,-6,-170, not_tired
n_337, 11,17,11,54,-159, not_tired
n_337, 11,15,0,9,-173, not_tired
n_337, 14,14,0,0,-175, not_tired
n_337, 12,14,0,-6,-178, not_tired
n_337, 14,16,0,-6,-174, not_tired
n_337, 14,17,0,3,-177, not_tired
n_337, 15,18,0,-2,-169, not_tired
n_337, 0,0,0,0,0, not_tired
n_337, 14,16,0,4,-172, not_tired
n_338, 13,6,0,-1,-171, not_tired
n_338, 10,8,0,2,-170, not_tired
n_338, 15,13,0,4,-169, not_tired
n_338, 13,14,0,0,-172, not_tired
n_338, 12,13,0,2,-174, not_tired
n_338, 16,15,0,14,-170, not_tired
n_338, 12,12,1,10,-172, not_tired
n_338, 15,13,0,10,-171, not_tired
n_338, 14,15,1,0,-173, not_tired
n_338, 15,17,0,-36,-172, not_tired
n_339, 0,0,0,0,0, not_tired
n_339, 14,17,2,32,-174, not_tired
n_339, 14,16,2,-33,-192, not_tired
n_339, 0,0,0,0,0, not_tired
n_339, 11,12,0,-4,-179, not_tired
n_339, 9,16,0,-36,-208, not_tired
n_339, 16,14,6,25,-177, not_tired
n_339, 14,16,1,23,-181, not_tired
n_339, 13,15,1,10,-178, not_tired
n_339, 13,16,0,-3,-178, not_tired
n_34, 0,0,0,0,0, not_tired
n_34, 17,18,0,-22,-195, not_tired
n_34, 0,0,0,0,0, not_tired
n_34, 15,4,1,37,-198, not_tired
n_34, 16,13,0,-48,-188, not_tired
n_34, 14,16,12,-5,-197, not_tired
n_34, 0,0,0,0,0, not_tired
n_34, 15,14,0,-21,-189, not_tired
n_34, 15,13,1,-30,-173, not_tired
n_34, 14,12,12,-15,-185, not_tired
n_340, 0,0,0,0,0, not_tired
n_340, 14,14,0,-3,-168, not_tired
n_340, 13,14,0,-5,-177, not_tired
n_340, 16,16,1,-2,-171, not_tired
n_340, 14,15,0,1,-167, not_tired
n_340, 14,13,0,4,-178, not_tired
n_340, 15,16,1,0,-170, not_tired
n_340, 14,13,0,-9,-175, not_tired
n_340, 11,12,1,-4,-177, not_tired
n_340, 15,13,0,-8,-179, not_tired
n_341, 9,12,1,2,-181, not_tired
n_341, 12,13,1,-11,-180, not_tired
n_341, 11,16,2,-15,-175, not_tired
n_341, 14,13,0,-5,-180, not_tired
n_341, 10,14,2,2,-181, not_tired
n_341, 17,9,0,20,-182, not_tired
n_341, 13,7,0,11,-175, not_tired
n_341, 14,6,0,19,-175, not_tired
n_341, 11,12,1,6,-179, not_tired
n_341, 15,10,1,8,-176, not_tired
n_342, 14,15,0,10,-175, not_tired
n_342, 13,14,7,10,-179, not_tired
n_342, 7,10,0,-23,-178, not_tired
n_342, 11,11,0,12,-178, not_tired
n_342, 19,18,0,31,-175, not_tired
n_342, 15,17,0,35,-187, not_tired
n_342, 4,7,0,29,-182, not_tired
n_342, 14,13,0,-3,-178, not_tired
n_342, 15,15,0,0,-173, not_tired
n_342, 17,17,0,6,-178, not_tired
n_343, 11,14,0,-2,-162, not_tired
n_343, 14,12,0,4,-169, not_tired
n_343, 16,17,0,-4,-173, not_tired
n_343, 15,14,0,0,-175, not_tired
n_343, 15,15,0,-5,-171, not_tired
n_343, 14,14,1,-10,-171, not_tired
n_343, 13,10,0,3,-172, not_tired
n_343, 13,15,1,-6,-179, not_tired
n_343, 14,11,0,2,-174, not_tired
n_343, 13,14,12,-23,-174, not_tired
n_344, 11,16,0,-13,-165, not_tired
n_344, 15,15,4,-2,-170, not_tired
n_344, 15,17,6,1,-171, not_tired
n_344, 14,15,9,-33,-177, not_tired
n_344, 13,13,0,-7,-173, not_tired
n_344, 11,17,1,-45,-188, not_tired
n_344, 5,15,0,-53,-208, not_tired
n_344, 7,15,29,-58,-171, not_tired
n_344, 13,13,0,-28,-190, not_tired
n_344, 4,19,2,-64,-206, not_tired
n_345, 6,12,2,-71,-203, not_tired
n_345, 15,19,0,-32,-199, not_tired
n_345, 12,14,5,0,-175, not_tired
n_345, 15,10,0,12,-174, not_tired
n_345, 13,9,0,0,-178, not_tired
n_345, 12,4,0,1,-173, not_tired
n_345, 13,13,1,-24,-178, not_tired
n_345, 12,10,4,-2,-175, not_tired
n_345, 12,13,0,-7,-179, not_tired
n_345, 15,14,0,-1,-170, not_tired
n_346, 12,15,0,0,-175, not_tired
n_346, 14,13,0,4,-174, not_tired
n_346, 12,13,0,3,-170, not_tired
n_346, 14,15,0,35,-165, not_tired
n_346, 13,17,0,25,-164, not_tired
n_346, 16,14,0,2,-173, not_tired
n_346, 16,11,0,2,-173, not_tired
n_346, 12,8,0,-19,-178, not_tired
n_346, 12,13,0,-12,-174, not_tired
n_346, 6,14,0,-44,-184, not_tired
n_347, 14,12,0,-4,-168, not_tired
n_347, 12,13,0,-8,-173, not_tired
n_347, 14,14,0,-10,-178, not_tired
n_347, 14,17,0,-6,-175, not_tired
n_347, 15,13,0,-9,-171, not_tired
n_347, 13,14,0,-8,-173, not_tired
n_347, 13,14,0,1,-170, not_tired
n_347, 3,4,1,-18,-176, not_tired
n_347, 0,0,0,0,0, not_tired
n_347, 15,16,0,-9,-179, not_tired
n_348, 14,16,0,-14,-178, not_tired
n_348, 0,0,0,0,0, not_tired
n_348, 0,0,0,0,0, not_tired
n_348, 14,17,0,15,-170, not_tired
n_348, 13,17,1,-6,-173, not_tired
n_348, 6,14,1,14,-175, not_tired
n_348, 20,18,0,-1,-193, not_tired
n_348, 0,0,0,0,0, not_tired
n_348, 12,17,0,-9,-185, not_tired
n_348, 12,16,1,-5,-164, not_tired
n_349, 15,16,1,-1,-168, not_tired
n_349, 16,16,1,-7,-176, not_tired
n_349, 15,17,1,-3,-169, not_tired
n_349, 10,15,0,37,-160, not_tired
n_349, 13,13,0,-21,-172, not_tired
n_349, 12,12,0,-11,-172, not_tired
n_349, 12,12,0,-11,-177, not_tired
n_349, 12,9,1,-8,-174, not_tired
n_349, 13,15,0,-7,-176, not_tired
n_349, 13,15,0,-9,-176, not_tired
n_35, 0,0,0,0,0, not_tired
n_35, 7,2,3,-62,-162, not_tired
n_35, 13,10,5,-18,-173, not_tired
n_35, 16,14,0,-20,-194, not_tired
n_35, 14,15,0,-65,-184, not_tired
n_35, 17,16,0,-52,-184, not_tired
n_35, 0,0,0,0,0, not_tired
n_35, 11,5,1,76,-135, not_tired
n_35, 0,0,0,0,0, not_tired
n_35, 17,18,0,-30,-210, not_tired
n_350, 0,0,0,0,0, not_tired
n_350, 14,15,1,-19,-172, not_tired
n_350, 15,14,0,-4,-178, not_tired
n_350, 14,16,0,-3,-176, not_tired
n_350, 14,15,0,3,-177, not_tired
n_350, 14,14,0,3,-174, not_tired
n_350, 15,15,0,-1,-175, not_tired
n_350, 14,13,0,-2,-173, not_tired
n_350, 13,15,1,1,-173, not_tired
n_350, 6,8,0,-44,-172, not_tired
n_351, 8,1,0,-16,-176, not_tired
n_351, 10,11,0,10,-178, not_tired
n_351, 12,15,1,-10,-166, not_tired
n_351, 13,16,0,32,-175, not_tired
n_351, 13,11,1,12,-176, not_tired
n_351, 12,16,1,4,-168, not_tired
n_351, 14,14,0,9,-174, not_tired
n_351, 11,11,1,-9,-177, not_tired
n_351, 14,14,0,7,-170, not_tired
n_351, 14,15,0,-7,-176, not_tired
n_352, 14,17,0,4,-174, not_tired
n_352, 13,19,1,-4,-175, not_tired
n_352, 16,17,0,-4,-173, not_tired
n_352, 11,17,0,-35,-179, not_tired
n_352, 17,14,1,-36,-175, not_tired
n_352, 12,15,0,-40,-177, not_tired
n_352, 8,13,1,-48,-182, not_tired
n_352, 10,14,4,-41,-192, not_tired
n_352, 18,18,0,0,-178, not_tired
n_352, 16,17,0,7,-181, not_tired
n_353, 19,16,0,6,-180, not_tired
n_353, 14,13,1,4,-184, not_tired
n_353, 14,12,0,2,-180, not_tired
n_353, 13,11,0,1,-177, not_tired
n_353, 14,13,0,4,-175, not_tired
n_353, 14,12,0,-1,-179, not_tired
n_353, 15,14,0,-6,-179, not_tired
n_353, 10,13,0,3,-175, not_tired
n_353, 12,12,0,5,-175, not_tired
n_353, 14,15,0,6,-176, not_tired
n_354, 7,12,0,-8,-174, not_tired
n_354, 12,12,0,-32,-177, not_tired
n_354, 13,15,0,-9,-174, not_tired
n_354, 13,14,0,-12,-176, not_tired
n_354, 12,14,0,-11,-173, not_tired
n_354, 14,15,0,-13,-173, not_tired
n_354, 14,17,0,-7,-172, not_tired
n_354, 14,16,1,-9,-172, not_tired
n_354, 13,16,0,-9,-171, not_tired
n_354, 13,14,0,-9,-171, not_tired
n_355, 14,14,0,-8,-175, not_tired
n_355, 12,13,0,-25,-172, not_tired
n_355, 12,15,0,-25,-174, not_tired
n_355, 12,15,0,-19,-173, not_tired
n_355, 13,17,0,-12,-171, not_tired
n_355, 15,17,0,-8,-172, not_tired
n_355, 13,16,0,-8,-174, not_tired
n_355, 10,12,0,-21,-173, not_tired
n_355, 12,17,0,-7,-171, not_tired
n_355, 16,17,0,-2,-173, not_tired
n_356, 13,17,0,-3,-177, not_tired
n_356, 13,18,0,-6,-173, not_tired
n_356, 13,17,0,-7,-174, not_tired
n_356, 12,14,0,-9,-171, not_tired
n_356, 9,14,0,-28,-170, not_tired
n_356, 13,15,0,-13,-171, not_tired
n_356, 14,16,0,-11,-173, not_tired
n_356, 14,15,1,-7,-164, not_tired
n_356, 13,15,0,-43,-177, not_tired
n_356, 15,17,0,-18,-179, not_tired
n_357, 12,16,1,-12,-174, not_tired
n_357, 15,18,0,4,-180, not_tired
n_357, 13,15,0,23,-174, not_tired
n_357, 14,16,0,22,-177, not_tired
n_357, 9,8,0,4,-173, not_tired
n_357, 15,16,1,-2,-177, not_tired
n_357, 11,6,0,-33,-181, not_tired
n_357, 13,16,0,8,-178, not_tired
n_357, 15,14,0,18,-179, not_tired
n_357, 12,15,1,-4,-183, not_tired
n_358, 12,16,0,-5,-186, not_tired
n_358, 15,10,0,-35,-187, not_tired
n_358, 13,14,0,4,-172, not_tired
n_358, 13,12,0,8,-171, not_tired
n_358, 13,15,1,-2,-179, not_tired
n_358, 15,16,3,34,-162, not_tired
n_358, 17,11,0,-30,-190, not_tired
n_358, 0,0,0,0,0, not_tired
n_358, 11,15,0,11,-186, not_tired
n_358, 10,12,1,-33,-187, not_tired
n_359, 9,11,0,-7,-180, not_tired
n_359, 13,16,0,-19,-184, not_tired
n_359, 15,17,0,-2,-190, not_tired
n_359, 9,13,0,-42,-182, not_tired
n_359, 12,13,0,-35,-182, not_tired
n_359, 13,15,0,-16,-181, not_tired
n_359, 15,16,1,20,-184, not_tired
n_359, 13,17,0,18,-182, not_tired
n_359, 15,19,2,14,-174, not_tired
n_359, 13,16,9,6,-171, not_tired
n_36, 0,0,0,0,0, not_tired
n_36, 14,11,0,-18,-176, not_tired
n_36, 14,14,0,-23,-179, not_tired
n_36, 15,13,0,-28,-183, not_tired
n_36, 13,13,1,-14,-193, not_tired
n_36, 14,13,1,-25,-193, not_tired
n_36, 13,13,6,-27,-166, not_tired
n_36, 14,13,0,-18,-179, not_tired
n_36, 13,12,0,-32,-174, not_tired
n_36, 16,14,0,-15,-184, not_tired
n_360, 0,0,0,0,0, not_tired
n_360, 12,14,0,-35,-178, not_tired
n_360, 12,12,0,-27,-182, not_tired
n_360, 15,17,4,39,-176, not_tired
n_360, 15,15,0,20,-180, not_tired
n_360, 2,8,0,25,-181, not_tired
n_360, 13,16,0,-20,-186, not_tired
n_360, 18,15,1,22,-172, not_tired
n_360, 16,16,1,22,-173, not_tired
n_360, 14,16,1,-14,-182, not_tired
n_361, 13,9,0,20,-176, not_tired
n_361, 16,12,0,-5,-177, not_tired
n_361, 13,13,0,13,-180, not_tired
n_361, 14,13,1,36,-175, not_tired
n_361, 15,15,0,35,-174, not_tired
n_361, 13,12,0,-17,-175, not_tired
n_361, 17,14,0,11,-176, not_tired
n_361, 16,16,0,11,-182, not_tired
n_361, 15,14,0,9,-187, not_tired
n_361, 15,19,0,13,-178, not_tired
n_362, 10,16,0,27,-180, not_tired
n_362, 15,14,1,5,-177, not_tired
n_362, 14,15,13,-9,-180, not_tired
n_362, 16,18,0,16,-183, not_tired
n_362, 13,19,0,-2,-185, not_tired
n_362, 15,15,0,19,-175, not_tired
n_362, 14,14,0,-5,-178, not_tired
n_362, 16,16,1,15,-175, not_tired
n_362, 15,15,1,13,-174, not_tired
n_362, 13,15,0,4,-181, not_tired
n_363, 12,16,0,-28,-180, not_tired
n_363, 14,15,0,16,-178, not_tired
n_363, 16,17,1,33,-174, not_tired
n_363, 13,16,0,3,-176, not_tired
n_363, 15,13,0,5,-174, not_tired
n_363, 14,14,0,-7,-172, not_tired
n_363, 14,9,0,-6,-173, not_tired
n_363, 11,12,6,-14,-175, not_tired
n_363, 14,11,1,-31,-182, not_tired
n_363, 14,14,13,-6,-171, not_tired
n_364, 16,10,0,8,-171, not_tired
n_364, 13,12,0,0,-175, not_tired
n_364, 9,4,0,-20,-181, not_tired
n_364, 12,11,0,-6,-179, not_tired
n_364, 16,10,1,-3,-177, not_tired
n_364, 12,6,1,1,-177, not_tired
n_364, 13,8,0,1,-177, not_tired
n_364, 17,11,0,-36,-183, not_tired
n_364, 16,10,0,-32,-183, not_tired
n_364, 13,14,0,-30,-181, not_tired
n_365, 14,13,2,4,-179, not_tired
n_365, 12,16,0,9,-177, not_tired
n_365, 15,16,1,5,-179, not_tired
n_365, 14,16,0,6,-178, not_tired
n_365, 13,18,0,-10,-184, not_tired
n_365, 14,18,0,-3,-179, not_tired
n_365, 13,16,0,-7,-180, not_tired
n_365, 13,18,1,0,-180, not_tired
n_365, 14,14,0,-25,-169, not_tired
n_365, 3,7,2,-54,-179, not_tired
n_366, 13,13,9,10,-167, not_tired
n_366, 10,13,0,-72,-195, not_tired
n_366, 10,12,10,-21,-190, not_tired
n_366, 0,0,0,0,0, not_tired
n_366, 9,14,16,44,-148, not_tired
n_366, 0,0,0,0,0, not_tired
n_366, 14,16,16,-43,-175, not_tired
n_366, 15,15,0,-2,-184, not_tired
n_366, 13,16,0,-60,-194, not_tired
n_366, 13,15,0,15,-182, not_tired
n_367, 0,0,0,0,0, not_tired
n_367, 13,16,1,14,-189, not_tired
n_367, 12,15,2,12,-180, not_tired
n_367, 0,0,0,0,0, not_tired
n_367, 8,12,0,-31,-199, not_tired
n_367, 13,16,0,2,-192, not_tired
n_367, 14,13,0,20,-174, not_tired
n_367, 12,14,1,11,-179, not_tired
n_367, 17,16,0,24,-181, not_tired
n_367, 14,16,5,5,-187, not_tired
n_368, 17,11,1,8,-185, not_tired
n_368, 17,14,1,12,-175, not_tired
n_368, 19,21,0,12,-197, not_tired
n_368, 24,23,0,9,-206, not_tired
n_368, 21,22,1,0,-204, not_tired
n_368, 1,1,0,3,-193, not_tired
n_368, 0,0,0,0,0, not_tired
n_368, 1,1,4,11,-218, not_tired
n_368, 0,0,0,37,-211, not_tired
n_368, 10,10,2,9,-145, not_tired
n_369, 6,0,0,22,-205, not_tired
n_369, 0,0,0,0,0, not_tired
n_369, 19,19,0,-4,-197, not_tired
n_369, 17,16,4,-13,-196, not_tired
n_369, 21,20,0,-10,-196, not_tired
n_369, 18,7,0,-40,-187, not_tired
n_369, 17,11,0,-17,-181, not_tired
n_369, 19,7,1,-38,-185, not_tired
n_369, 15,11,1,-41,-185, not_tired
n_369, 18,10,1,-36,-188, not_tired
n_37, 0,0,0,0,0, not_tired
n_37, 14,13,0,-22,-180, not_tired
n_37, 13,16,0,-25,-190, not_tired
n_37, 13,13,0,-14,-180, not_tired
n_37, 11,11,6,-26,-183, not_tired
n_37, 12,11,0,-32,-183, not_tired
n_37, 13,12,1,-19,-186, not_tired
n_37, 12,13,8,-31,-183, not_tired
n_37, 13,12,0,-23,-185, not_tired
n_37, 0,0,0,0,0, not_tired
n_370, 0,0,0,0,0, not_tired
n_370, 0,0,0,0,0, not_tired
n_370, 0,0,0,0,0, not_tired
n_370, 0,0,0,0,0, not_tired
n_370, 14,14,9,-3,-210, not_tired
n_370, 18,22,0,41,-203, not_tired
n_370, 19,20,2,40,-199, not_tired
n_370, 19,21,6,38,-202, not_tired
n_370, 21,22,1,41,-206, not_tired
n_370, 21,21,0,5,-200, not_tired
n_371, 22,22,0,-15,-210, not_tired
n_371, 21,23,0,-18,-202, not_tired
n_371, 24,24,7,13,-209, not_tired
n_371, 19,17,8,6,-197, not_tired
n_371, 22,19,0,-20,-215, not_tired
n_371, 18,18,0,-26,-197, not_tired
n_371, 22,21,5,-19,-209, not_tired
n_371, 19,18,0,-12,-212, not_tired
n_371, 22,23,0,-39,-205, not_tired
n_371, 21,7,0,-24,-201, not_tired
n_372, 27,20,1,22,-222, not_tired
n_372, 9,13,0,39,-223, not_tired
n_372, 2,1,0,21,-236, not_tired
n_372, 8,2,1,-42,-189, not_tired
n_372, 18,4,1,-33,-189, not_tired
n_372, 20,18,0,-26,-214, not_tired
n_372, 20,19,12,-41,-203, not_tired
n_372, 18,17,0,-31,-211, not_tired
n_372, 21,20,0,-27,-209, not_tired
n_372, 4,0,0,-15,-227, not_tired
n_373, 17,14,0,-22,-194, not_tired
n_373, 17,15,0,-13,-194, not_tired
n_373, 19,17,0,-6,-206, not_tired
n_373, 19,19,0,3,-199, not_tired
n_373, 21,18,0,-45,-204, not_tired
n_373, 20,18,0,15,-200, not_tired
n_373, 22,21,0,4,-208, not_tired
n_373, 24,21,0,-2,-201, not_tired
n_373, 18,18,0,-11,-205, not_tired
n_373, 19,17,0,-15,-203, not_tired
n_374, 17,18,0,-27,-195, not_tired
n_374, 21,17,0,-27,-208, not_tired
n_374, 20,18,0,-26,-208, not_tired
n_374, 20,14,1,-25,-198, not_tired
n_374, 22,16,1,-35,-203, not_tired
n_374, 12,9,9,-7,-198, not_tired
n_374, 0,0,0,0,0, not_tired
n_374, 0,0,0,0,0, not_tired
n_374, 21,21,0,2,-197, not_tired
n_374, 25,22,0,-19,-194, not_tired
n_375, 20,22,0,-15,-207, not_tired
n_375, 0,0,0,0,0, not_tired
n_375, 21,22,3,-12,-202, not_tired
n_375, 19,18,8,-27,-202, not_tired
n_375, 20,20,1,-24,-208, not_tired
n_375, 1,1,0,-17,-195, not_tired
n_375, 21,16,1,-13,-190, not_tired
n_375, 22,22,0,-5,-205, not_tired
n_375, 22,22,0,-13,-194, not_tired
n_375, 15,18,0,-22,-186, not_tired
n_376, 20,20,0,-38,-202, not_tired
n_376, 3,2,8,-19,-205, not_tired
n_376, 19,20,11,4,-190, not_tired
n_376, 20,21,0,-52,-212, not_tired
n_376, 21,20,0,-24,-203, not_tired
n_376, 14,14,1,-24,-196, not_tired
n_376, 20,19,0,-21,-211, not_tired
n_376, 16,17,0,-6,-210, not_tired
n_376, 18,17,0,-33,-201, not_tired
n_376, 22,23,0,-33,-211, not_tired
n_377, 3,2,0,-9,-207, not_tired
n_377, 15,14,0,-1,-201, not_tired
n_377, 18,13,22,-34,-203, not_tired
n_377, 0,0,0,0,0, not_tired
n_377, 20,19,10,-15,-219, not_tired
n_377, 17,13,0,-11,-209, not_tired
n_377, 18,17,1,-19,-206, not_tired
n_377, 18,17,14,-18,-214, not_tired
n_377, 20,16,21,-32,-200, not_tired
n_377, 19,18,9,-10,-206, not_tired
n_378, 15,17,0,-18,-218, not_tired
n_378, 13,15,1,-12,-212, not_tired
n_378, 19,19,0,-18,-207, not_tired
n_378, 20,20,0,-16,-198, not_tired
n_378, 21,17,1,-10,-161, not_tired
n_378, 16,17,1,-31,-208, not_tired
n_378, 12,2,1,-24,-191, not_tired
n_378, 20,20,0,-6,-209, not_tired
n_378, 21,22,0,-15,-203, not_tired
n_378, 19,14,1,4,-148, not_tired
n_379, 22,20,1,3,-196, not_tired
n_379, 19,17,1,-11,-199, not_tired
n_379, 19,17,0,-7,-206, not_tired
n_379, 21,18,0,-7,-182, not_tired
n_379, 20,16,0,-17,-202, not_tired
n_379, 17,16,0,-12,-203, not_tired
n_379, 20,18,0,-22,-183, not_tired
n_379, 1,0,0,-27,-194, not_tired
n_379, 17,17,0,-29,-206, not_tired
n_379, 18,16,1,-33,-200, not_tired
n_38, 0,0,0,0,0, not_tired
n_38, 14,14,0,-29,-188, not_tired
n_38, 6,6,0,27,-193, not_tired
n_38, 8,7,0,1,-209, not_tired
n_38, 17,12,1,-45,-183, not_tired
n_38, 16,15,0,-35,-183, not_tired
n_38, 15,15,0,-30,-181, not_tired
n_38, 18,15,0,-19,-186, not_tired
n_38, 15,13,0,-29,-185, not_tired
n_38, 16,14,7,-24,-187, not_tired
n_380, 0,0,0,0,0, not_tired
n_380, 21,21,0,-23,-204, not_tired
n_380, 20,19,0,-1,-216, not_tired
n_380, 18,18,5,-13,-202, not_tired
n_380, 19,18,0,-19,-206, not_tired
n_380, 21,21,0,-20,-210, not_tired
n_380, 16,16,0,-32,-204, not_tired
n_380, 23,20,1,-11,-214, not_tired
n_380, 22,22,0,-8,-206, not_tired
n_380, 20,16,0,-7,-212, not_tired
n_381, 21,19,1,-16,-209, not_tired
n_381, 20,20,0,-23,-213, not_tired
n_381, 16,16,0,-30,-209, not_tired
n_381, 17,19,0,-26,-206, not_tired
n_381, 18,18,0,-24,-208, not_tired
n_381, 24,21,0,-23,-215, not_tired
n_381, 19,22,0,-36,-213, not_tired
n_381, 23,20,1,-7,-207, not_tired
n_381, 20,20,0,-16,-206, not_tired
n_381, 15,7,0,-37,-199, not_tired
n_382, 22,21,0,-23,-209, not_tired
n_382, 20,20,0,-21,-206, not_tired
n_382, 19,19,1,-24,-201, not_tired
n_382, 18,18,1,-23,-203, not_tired
n_382, 18,18,0,-25,-203, not_tired
n_382, 17,17,0,-28,-199, not_tired
n_382, 19,18,0,-25,-202, not_tired
n_382, 20,19,0,-10,-204, not_tired
n_382, 21,18,0,-10,-196, not_tired
n_382, 16,13,0,-23,-198, not_tired
n_383, 20,20,0,-38,-185, not_tired
n_383, 20,12,1,-16,-199, not_tired
n_383, 22,20,0,-18,-206, not_tired
n_383, 23,20,0,-2,-198, not_tired
n_383, 19,19,0,-23,-214, not_tired
n_383, 22,19,1,20,-215, not_tired
n_383, 18,18,1,-23,-197, not_tired
n_383, 13,10,0,-29,-190, not_tired
n_383, 17,17,1,-29,-208, not_tired
n_383, 16,18,1,-34,-208, not_tired
n_384, 20,15,0,-14,-207, not_tired
n_384, 3,1,1,0,-215, not_tired
n_384, 22,15,0,-10,-203, not_tired
n_384, 21,17,0,-1,-198, not_tired
n_384, 18,18,0,-18,-210, not_tired
n_384, 16,17,0,-44,-208, not_tired
n_384, 13,13,0,-36,-200, not_tired
n_384, 18,18,0,-32,-199, not_tired
n_384, 21,20,0,-23,-205, not_tired
n_384, 21,19,0,-20,-218, not_tired
n_385, 20,19,0,-32,-208, not_tired
n_385, 20,20,0,-30,-209, not_tired
n_385, 20,18,0,-30,-208, not_tired
n_385, 22,18,0,-29,-201, not_tired
n_385, 0,0,0,0,0, not_tired
n_385, 18,13,1,-49,-182, not_tired
n_385, 4,12,1,-30,-198, not_tired
n_385, 21,19,11,-29,-207, not_tired
n_385, 17,16,0,-14,-189, not_tired
n_385, 19,15,0,-22,-206, not_tired
n_386, 13,9,0,-28,-191, not_tired
n_386, 19,20,0,-23,-207, not_tired
n_386, 19,20,0,-21,-194, not_tired
n_386, 5,2,0,-13,-204, not_tired
n_386, 16,14,0,-13,-197, not_tired
n_386, 21,19,0,-23,-209, not_tired
n_386, 19,20,0,-24,-204, not_tired
n_386, 23,20,0,-22,-173, not_tired
n_386, 21,18,0,-20,-208, not_tired
n_386, 18,18,0,-23,-205, not_tired
n_387, 16,18,0,-19,-205, not_tired
n_387, 17,18,0,-25,-197, not_tired
n_387, 17,19,0,-17,-208, not_tired
n_387, 18,18,0,-28,-198, not_tired
n_387, 17,11,0,-52,-188, not_tired
n_387, 21,21,0,-35,-206, not_tired
n_387, 16,17,0,-40,-196, not_tired
n_387, 17,17,0,-39,-188, not_tired
n_387, 2,0,0,-25,-220, not_tired
n_387, 0,0,0,0,0, not_tired
n_388, 19,17,0,-48,-198, not_tired
n_388, 0,0,0,0,0, not_tired
n_388, 0,0,0,0,0, not_tired
n_388, 19,18,0,-22,-202, not_tired
n_388, 0,0,0,0,0, not_tired
n_388, 20,14,0,-44,-195, not_tired
n_388, 21,14,0,-18,-188, not_tired
n_388, 13,5,0,-26,-198, not_tired
n_388, 0,0,0,0,0, not_tired
n_388, 19,17,0,-17,-200, not_tired
n_389, 4,1,0,-3,-209, not_tired
n_389, 2,1,2,13,-211, not_tired
n_389, 0,0,0,0,0, not_tired
n_389, 0,0,0,0,0, not_tired
n_389, 0,0,0,0,0, not_tired
n_389, 0,0,0,0,0, not_tired
n_389, 0,0,0,0,0, not_tired
n_389, 0,0,0,0,0, not_tired
n_389, 0,0,0,0,0, not_tired
n_389, 0,0,0,0,0, not_tired
n_39, 16,16,1,-17,-193, not_tired
n_39, 16,12,0,-40,-184, not_tired
n_39, 15,11,0,-43,-183, not_tired
n_39, 13,4,0,-57,-180, not_tired
n_39, 10,11,1,-55,-183, not_tired
n_39, 3,2,1,-37,-180, not_tired
n_39, 13,14,0,-21,-192, not_tired
n_39, 15,14,1,-20,-203, not_tired
n_39, 15,13,0,-16,-191, not_tired
n_39, 14,14,1,-10,-190, not_tired
n_390, 0,0,0,0,0, not_tired
n_390, 11,10,1,-51,-165, not_tired
n_390, 0,0,0,0,0, not_tired
n_390, 16,21,0,-14,-202, not_tired
n_390, 21,18,0,-22,-196, not_tired
n_390, 20,18,0,-12,-193, not_tired
n_390, 23,20,1,-18,-217, not_tired
n_390, 20,19,1,-38,-216, not_tired
n_390, 0,0,0,0,0, not_tired
n_390, 21,17,0,-42,-198, not_tired
n_391, 17,18,1,-29,-204, not_tired
n_391, 17,19,0,-19,-205, not_tired
n_391, 19,17,0,-16,-202, not_tired
n_391, 17,17,0,-17,-200, not_tired
n_391, 16,14,0,-11,-204, not_tired
n_391, 0,0,0,-39,-198, not_tired
n_391, 1,0,0,-35,-211, not_tired
n_391, 19,17,1,-29,-150, not_tired
n_391, 19,18,0,-12,-200, not_tired
n_391, 19,17,0,-10,-205, not_tired
n_392, 9,6,0,37,-120, not_tired
n_392, 11,11,0,37,-128, not_tired
n_392, 10,10,0,39,-118, not_tired
n_392, 10,8,1,43,-110, not_tired
n_392, 9,11,1,36,-113, not_tired
n_392, 10,11,0,44,-128, not_tired
n_392, 12,12,0,32,-141, not_tired
n_392, 11,11,0,38,-142, not_tired
n_392, 12,10,1,44,-135, not_tired
n_392, 11,10,0,48,-122, not_tired
n_393, 12,13,0,39,-136, not_tired
n_393, 12,15,0,31,-143, not_tired
n_393, 12,16,0,27,-140, not_tired
n_393, 11,11,0,35,-138, not_tired
n_393, 13,15,0,30,-147, not_tired
n_393, 14,14,0,34,-140, not_tired
n_393, 9,12,0,36,-139, not_tired
n_393, 14,15,1,33,-134, not_tired
n_393, 12,15,0,33,-132, not_tired
n_393, 14,13,0,27,-139, not_tired
n_394, 9,11,0,36,-142, not_tired
n_394, 11,12,1,33,-143, not_tired
n_394, 11,12,0,40,-134, not_tired
n_394, 12,10,0,40,-139, not_tired
n_394, 12,10,0,42,-138, not_tired
n_394, 12,12,1,39,-135, not_tired
n_394, 13,11,0,34,-135, not_tired
n_394, 11,11,0,31,-133, not_tired
n_394, 12,12,0,31,-131, not_tired
n_394, 11,12,0,31,-133, not_tired
n_395, 11,12,0,37,-140, not_tired
n_395, 14,15,0,39,-136, not_tired
n_395, 13,15,0,31,-146, not_tired
n_395, 13,15,0,33,-133, not_tired
n_395, 11,15,0,34,-141, not_tired
n_395, 0,0,0,0,0, not_tired
n_395, 0,0,0,0,0, not_tired
n_395, 0,0,0,0,0, not_tired
n_395, 15,19,0,34,-161, not_tired
n_395, 0,0,0,0,0, not_tired
n_396, 13,13,0,42,-148, not_tired
n_396, 14,13,0,36,-141, not_tired
n_396, 12,12,0,37,-138, not_tired
n_396, 13,13,0,40,-138, not_tired
n_396, 13,14,0,39,-141, not_tired
n_396, 14,13,1,44,-134, not_tired
n_396, 13,13,1,46,-138, not_tired
n_396, 12,13,0,49,-143, not_tired
n_396, 13,16,0,32,-145, not_tired
n_396, 11,14,0,33,-133, not_tired
n_397, 13,15,0,34,-131, not_tired
n_397, 11,13,0,30,-130, not_tired
n_397, 11,13,0,29,-129, not_tired
n_397, 13,14,0,33,-134, not_tired
n_397, 9,8,0,45,-130, not_tired
n_397, 11,14,0,42,-125, not_tired
n_397, 8,6,0,37,-133, not_tired
n_397, 12,14,0,34,-130, not_tired
n_397, 12,15,0,27,-124, not_tired
n_397, 13,13,0,31,-137, not_tired
n_398, 12,12,0,33,-132, not_tired
n_398, 12,12,0,39,-132, not_tired
n_398, 15,15,0,36,-162, not_tired
n_398, 13,14,1,42,-149, not_tired
n_398, 13,12,0,52,-135, not_tired
n_398, 12,13,0,46,-140, not_tired
n_398, 14,13,0,38,-137, not_tired
n_398, 11,12,0,29,-134, not_tired
n_398, 13,15,1,22,-138, not_tired
n_398, 12,13,1,15,-148, not_tired
n_399, 14,15,0,-3,-136, not_tired
n_399, 17,18,0,-16,-177, not_tired
n_399, 14,14,0,12,-157, not_tired
n_399, 13,14,0,3,-156, not_tired
n_399, 11,15,0,1,-167, not_tired
n_399, 13,14,0,33,-163, not_tired
n_399, 14,18,1,30,-147, not_tired
n_399, 13,16,0,40,-146, not_tired
n_399, 13,15,0,30,-147, not_tired
n_399, 16,17,0,8,-148, not_tired
n_4, 0,0,0,0,0, not_tired
n_4, 15,13,8,-40,-188, not_tired
n_4, 15,13,6,-43,-197, not_tired
n_4, 14,13,5,-41,-192, not_tired
n_4, 17,12,1,-28,-182, not_tired
n_4, 15,11,0,-32,-187, not_tired
n_4, 15,14,6,-50,-196, not_tired
n_4, 16,16,2,-36,-205, not_tired
n_4, 16,15,7,-39,-195, not_tired
n_4, 17,16,0,-27,-197, not_tired
n_40, 17,18,0,-23,-178, not_tired
n_40, 14,15,3,-30,-199, not_tired
n_40, 14,14,1,-48,-191, not_tired
n_40, 13,13,1,-38,-155, not_tired
n_40, 16,13,1,-45,-185, not_tired
n_40, 14,13,1,-38,-188, not_tired
n_40, 14,12,0,-34,-185, not_tired
n_40, 12,13,1,-50,-185, not_tired
n_40, 13,13,0,-43,-186, not_tired
n_40, 15,12,0,-34,-176, not_tired
n_400, 0,0,0,0,0, not_tired
n_400, 13,15,0,23,-138, not_tired
n_400, 6,11,1,20,-132, not_tired
n_400, 13,15,0,19,-135, not_tired
n_400, 10,12,0,27,-142, not_tired
n_400, 12,13,0,36,-138, not_tired
n_400, 11,13,1,36,-130, not_tired
n_400, 8,10,0,31,-142, not_tired
n_400, 12,14,0,38,-128, not_tired
n_400, 13,15,0,45,-121, not_tired
n_401, 12,12,0,35,-139, not_tired
n_401, 13,12,0,38,-141, not_tired
n_401, 12,14,0,31,-143, not_tired
n_401, 13,13,0,35,-138, not_tired
n_401, 13,14,0,35,-136, not_tired
n_401, 13,15,0,44,-133, not_tired
n_401, 12,15,0,39,-131, not_tired
n_401, 12,13,0,40,-135, not_tired
n_401, 13,14,0,32,-148, not_tired
n_401, 12,15,0,32,-144, not_tired
n_402, 13,12,0,51,-145, not_tired
n_402, 12,12,0,48,-139, not_tired
n_402, 13,14,1,45,-142, not_tired
n_402, 13,13,0,48,-142, not_tired
n_402, 15,12,0,43,-138, not_tired
n_402, 12,11,0,36,-139, not_tired
n_402, 13,12,0,35,-139, not_tired
n_402, 12,12,0,34,-137, not_tired
n_402, 13,12,0,38,-135, not_tired
n_402, 15,14,1,38,-134, not_tired
n_403, 13,11,1,24,-152, not_tired
n_403, 14,13,0,31,-151, not_tired
n_403, 14,14,0,39,-149, not_tired
n_403, 13,12,0,40,-135, not_tired
n_403, 13,13,0,39,-129, not_tired
n_403, 13,14,0,45,-146, not_tired
n_403, 15,12,0,51,-141, not_tired
n_403, 12,11,0,52,-132, not_tired
n_403, 13,13,0,43,-121, not_tired
n_403, 11,12,0,44,-120, not_tired
n_404, 12,13,0,33,-127, not_tired
n_404, 12,14,0,30,-121, not_tired
n_404, 11,13,1,29,-120, not_tired
n_404, 13,13,0,37,-130, not_tired
n_404, 12,13,1,37,-134, not_tired
n_404, 12,12,1,41,-135, not_tired
n_404, 12,14,0,37,-132, not_tired
n_404, 14,15,0,37,-133, not_tired
n_404, 6,8,0,11,-170, not_tired
n_404, 13,13,0,15,-161, not_tired
n_405, 11,9,0,54,-116, not_tired
n_405, 7,10,0,78,-140, not_tired
n_405, 9,8,1,47,-147, not_tired
n_405, 0,0,0,0,0, not_tired
n_405, 0,0,0,0,0, not_tired
n_405, 0,0,0,0,0, not_tired
n_405, 0,0,0,0,0, not_tired
n_405, 7,10,1,54,-124, not_tired
n_405, 11,16,1,40,-140, not_tired
n_405, 14,16,0,57,-141, not_tired
n_406, 13,14,0,49,-134, not_tired
n_406, 13,15,0,34,-137, not_tired
n_406, 11,15,0,39,-134, not_tired
n_406, 12,13,1,34,-136, not_tired
n_406, 14,15,0,37,-135, not_tired
n_406, 13,16,0,27,-146, not_tired
n_406, 13,13,0,42,-131, not_tired
n_406, 12,14,0,48,-125, not_tired
n_406, 12,13,0,49,-119, not_tired
n_406, 12,15,0,39,-143, not_tired
n_407, 13,14,0,41,-141, not_tired
n_407, 14,16,0,43,-137, not_tired
n_407, 14,15,0,36,-142, not_tired
n_407, 14,16,0,33,-138, not_tired
n_407, 12,14,0,34,-155, not_tired
n_407, 10,17,0,27,-156, not_tired
n_407, 9,13,1,57,-150, not_tired
n_407, 8,15,1,49,-148, not_tired
n_407, 12,18,1,43,-145, not_tired
n_407, 12,14,0,48,-140, not_tired
n_408, 11,13,0,38,-122, not_tired
n_408, 13,13,0,32,-135, not_tired
n_408, 13,13,0,31,-139, not_tired
n_408, 13,12,1,41,-136, not_tired
n_408, 13,13,1,38,-139, not_tired
n_408, 14,14,0,39,-140, not_tired
n_408, 15,15,0,38,-132, not_tired
n_408, 13,14,0,35,-121, not_tired
n_408, 13,15,1,30,-125, not_tired
n_408, 12,14,1,38,-125, not_tired
n_409, 7,7,0,13,-108, not_tired
n_409, 0,0,0,0,0, not_tired
n_409, 15,17,1,55,-157, not_tired
n_409, 14,17,0,55,-152, not_tired
n_409, 15,16,0,49,-161, not_tired
n_409, 14,15,0,65,-152, not_tired
n_409, 15,17,0,51,-151, not_tired
n_409, 15,18,0,46,-152, not_tired
n_409, 16,14,0,55,-149, not_tired
n_409, 15,15,0,59,-146, not_tired
n_41, 0,0,0,0,0, not_tired
n_41, 14,14,0,-38,-181, not_tired
n_41, 15,6,0,-66,-172, not_tired
n_41, 16,13,0,-36,-185, not_tired
n_41, 15,14,1,-24,-167, not_tired
n_41, 14,15,0,-43,-191, not_tired
n_41, 15,16,0,-24,-186, not_tired
n_41, 13,14,0,-31,-182, not_tired
n_41, 13,17,1,-43,-188, not_tired
n_41, 14,14,6,-38,-180, not_tired
n_410, 0,0,0,0,0, not_tired
n_410, 13,14,1,35,-143, not_tired
n_410, 14,15,0,35,-142, not_tired
n_410, 13,14,0,46,-136, not_tired
n_410, 13,16,0,37,-150, not_tired
n_410, 14,16,0,35,-154, not_tired
n_410, 15,17,0,35,-158, not_tired
n_410, 16,16,0,35,-154, not_tired
n_410, 16,15,0,38,-157, not_tired
n_410, 3,11,0,4,-184, not_tired
n_411, 15,16,40,31,-141, not_tired
n_411, 15,16,0,36,-148, not_tired
n_411, 7,4,0,35,-146, not_tired
n_411, 13,17,0,35,-149, not_tired
n_411, 13,14,0,44,-130, not_tired
n_411, 13,13,0,45,-131, not_tired
n_411, 13,17,0,35,-150, not_tired
n_411, 13,18,0,39,-143, not_tired
n_411, 14,15,0,39,-139, not_tired
n_411, 14,15,0,37,-146, not_tired
n_412, 13,15,0,40,-145, not_tired
n_412, 14,16,0,45,-145, not_tired
n_412, 14,16,0,42,-150, not_tired
n_412, 14,15,0,48,-135, not_tired
n_412, 13,13,0,49,-146, not_tired
n_412, 12,13,1,47,-146, not_tired
n_412, 13,14,1,54,-142, not_tired
n_412, 13,14,0,55,-149, not_tired
n_412, 13,14,0,41,-155, not_tired
n_412, 13,16,1,34,-142, not_tired
n_413, 13,13,0,49,-138, not_tired
n_413, 14,16,1,43,-143, not_tired
n_413, 14,14,0,39,-144, not_tired
n_413, 12,12,1,46,-154, not_tired
n_413, 14,17,0,45,-158, not_tired
n_413, 15,16,0,51,-150, not_tired
n_413, 10,13,0,47,-148, not_tired
n_413, 13,13,0,46,-147, not_tired
n_413, 13,15,1,42,-146, not_tired
n_413, 14,16,0,42,-146, not_tired
n_414, 14,15,0,50,-145, not_tired
n_414, 13,15,0,52,-142, not_tired
n_414, 14,16,0,62,-141, not_tired
n_414, 13,15,0,53,-149, not_tired
n_414, 12,15,0,49,-147, not_tired
n_414, 15,17,0,36,-162, not_tired
n_414, 14,17,0,42,-155, not_tired
n_414, 15,17,0,41,-158, not_tired
n_414, 12,17,0,50,-144, not_tired
n_414, 11,16,0,49,-154, not_tired
n_415, 9,13,0,55,-157, not_tired
n_415, 12,17,1,34,-147, not_tired
n_415, 15,18,0,28,-144, not_tired
n_415, 16,16,0,33,-144, not_tired
n_415, 13,15,0,32,-143, not_tired
n_415, 13,16,0,30,-151, not_tired
n_415, 13,13,1,42,-135, not_tired
n_415, 14,16,0,39,-149, not_tired
n_415, 13,16,0,40,-147, not_tired
n_415, 10,6,0,45,-148, not_tired
n_416, 13,15,0,39,-153, not_tired
n_416, 15,14,0,40,-147, not_tired
n_416, 14,15,0,50,-148, not_tired
n_416, 16,14,0,46,-148, not_tired
n_416, 14,16,0,54,-147, not_tired
n_416, 15,14,0,44,-150, not_tired
n_416, 16,17,0,37,-153, not_tired
n_416, 15,17,0,36,-157, not_tired
n_416, 15,16,0,35,-147, not_tired
n_416, 14,15,0,36,-138, not_tired
n_417, 14,14,1,43,-134, not_tired
n_417, 15,16,1,36,-161, not_tired
n_417, 13,13,0,36,-156, not_tired
n_417, 14,15,0,38,-146, not_tired
n_417, 12,14,0,34,-157, not_tired
n_417, 14,15,0,35,-155, not_tired
n_417, 13,14,0,28,-145, not_tired
n_417, 13,15,0,36,-143, not_tired
n_417, 15,14,0,38,-146, not_tired
n_417, 13,13,0,44,-142, not_tired
n_418, 13,14,1,32,-140, not_tired
n_418, 13,16,0,30,-143, not_tired
n_418, 12,14,1,33,-137, not_tired
n_418, 13,14,0,33,-138, not_tired
n_418, 12,15,1,37,-137, not_tired
n_418, 14,15,0,34,-142, not_tired
n_418, 13,14,0,35,-143, not_tired
n_418, 11,13,0,35,-133, not_tired
n_418, 14,13,0,41,-141, not_tired
n_418, 13,15,0,42,-130, not_tired
n_419, 13,14,0,33,-141, not_tired
n_419, 14,16,0,32,-144, not_tired
n_419, 14,16,0,32,-147, not_tired
n_419, 14,15,0,39,-146, not_tired
n_419, 13,16,0,38,-146, not_tired
n_419, 13,15,1,36,-148, not_tired
n_419, 13,15,0,36,-148, not_tired
n_419, 12,15,0,40,-142, not_tired
n_419, 12,14,0,40,-142, not_tired
n_419, 13,13,0,47,-157, not_tired
n_42, 0,0,0,0,0, not_tired
n_42, 15,13,2,-43,-172, not_tired
n_42, 16,12,0,-47,-176, not_tired
n_42, 17,14,13,-26,-201, not_tired
n_42, 15,17,0,-55,-191, not_tired
n_42, 15,14,0,-37,-184, not_tired
n_42, 15,13,0,-41,-195, not_tired
n_42, 14,12,0,-45,-189, not_tired
n_42, 14,13,0,-47,-182, not_tired
n_42, 14,13,0,-36,-176, not_tired
n_420, 0,0,0,0,0, not_tired
n_420, 13,14,0,37,-131, not_tired
n_420, 13,14,0,35,-145, not_tired
n_420, 12,14,1,46,-133, not_tired
n_420, 12,15,0,29,-151, not_tired
n_420, 12,14,0,33,-136, not_tired
n_420, 12,14,0,30,-135, not_tired
n_420, 13,14,0,30,-141, not_tired
n_420, 12,14,0,36,-140, not_tired
n_420, 12,13,0,49,-130, not_tired
n_421, 12,10,0,57,-146, not_tired
n_421, 13,14,0,50,-143, not_tired
n_421, 12,13,0,48,-131, not_tired
n_421, 13,13,0,51,-135, not_tired
n_421, 14,14,0,40,-144, not_tired
n_421, 12,13,0,71,-129, not_tired
n_421, 12,13,0,42,-146, not_tired
n_421, 14,14,0,40,-141, not_tired
n_421, 16,14,0,44,-157, not_tired
n_421, 15,13,0,54,-148, not_tired
n_422, 16,14,0,39,-162, not_tired
n_422, 14,16,0,34,-137, not_tired
n_422, 13,14,0,28,-134, not_tired
n_422, 13,15,1,38,-139, not_tired
n_422, 14,12,1,58,-143, not_tired
n_422, 9,8,0,50,-139, not_tired
n_422, 15,14,0,34,-151, not_tired
n_422, 14,14,0,53,-156, not_tired
n_422, 15,15,0,52,-151, not_tired
n_422, 13,16,0,51,-144, not_tired
n_423, 13,15,0,46,-147, not_tired
n_423, 13,14,0,41,-148, not_tired
n_423, 13,16,0,38,-150, not_tired
n_423, 14,14,0,43,-151, not_tired
n_423, 13,14,1,44,-148, not_tired
n_423, 14,15,1,44,-149, not_tired
n_423, 8,2,0,47,-134, not_tired
n_423, 12,13,1,45,-140, not_tired
n_423, 9,10,1,47,-138, not_tired
n_423, 14,12,0,40,-137, not_tired
n_424, 14,15,0,43,-149, not_tired
n_424, 11,10,0,53,-149, not_tired
n_424, 13,13,0,37,-146, not_tired
n_424, 15,13,0,39,-146, not_tired
n_424, 13,13,0,50,-150, not_tired
n_424, 15,13,0,62,-149, not_tired
n_424, 15,13,0,56,-139, not_tired
n_424, 16,14,0,61,-143, not_tired
n_424, 11,10,0,72,-146, not_tired
n_424, 7,2,0,56,-142, not_tired
n_425, 8,7,0,25,-163, not_tired
n_425, 10,9,0,43,-146, not_tired
n_425, 12,15,0,33,-145, not_tired
n_425, 9,11,0,32,-150, not_tired
n_425, 13,16,0,36,-146, not_tired
n_425, 14,15,0,36,-144, not_tired
n_425, 13,14,0,42,-143, not_tired
n_425, 11,10,0,46,-151, not_tired
n_425, 13,15,0,38,-147, not_tired
n_425, 12,13,0,39,-148, not_tired
n_426, 13,14,0,37,-151, not_tired
n_426, 12,12,0,39,-145, not_tired
n_426, 9,7,0,34,-143, not_tired
n_426, 13,13,0,44,-137, not_tired
n_426, 14,14,0,39,-147, not_tired
n_426, 15,13,0,46,-146, not_tired
n_426, 13,14,0,40,-148, not_tired
n_426, 13,14,1,43,-144, not_tired
n_426, 12,15,0,38,-142, not_tired
n_426, 12,12,1,42,-142, not_tired
n_427, 14,14,0,42,-140, not_tired
n_427, 13,14,1,39,-140, not_tired
n_427, 13,15,0,40,-144, not_tired
n_427, 11,11,0,46,-136, not_tired
n_427, 9,1,0,44,-142, not_tired
n_427, 13,13,0,42,-145, not_tired
n_427, 14,14,0,44,-141, not_tired
n_427, 15,12,0,45,-141, not_tired
n_427, 14,14,0,40,-143, not_tired
n_427, 14,14,0,44,-139, not_tired
n_428, 13,14,1,40,-136, not_tired
n_428, 14,12,0,45,-139, not_tired
n_428, 13,15,0,39,-146, not_tired
n_428, 13,14,1,47,-145, not_tired
n_428, 14,13,0,42,-139, not_tired
n_428, 13,14,0,42,-139, not_tired
n_428, 13,14,0,44,-138, not_tired
n_428, 14,15,0,41,-139, not_tired
n_428, 14,14,1,44,-136, not_tired
n_428, 12,13,0,41,-137, not_tired
n_429, 13,14,0,38,-133, not_tired
n_429, 13,13,0,34,-138, not_tired
n_429, 13,15,0,40,-137, not_tired
n_429, 14,13,0,43,-138, not_tired
n_429, 9,4,0,42,-132, not_tired
n_429, 15,16,0,41,-136, not_tired
n_429, 14,16,0,49,-147, not_tired
n_429, 14,16,0,43,-140, not_tired
n_429, 14,14,0,45,-144, not_tired
n_429, 16,14,0,22,-165, not_tired
n_43, 0,0,0,0,0, not_tired
n_43, 14,14,0,-40,-185, not_tired
n_43, 14,13,1,-41,-183, not_tired
n_43, 11,11,1,-51,-182, not_tired
n_43, 7,8,0,-63,-183, not_tired
n_43, 11,11,0,-44,-179, not_tired
n_43, 13,12,0,-39,-185, not_tired
n_43, 13,14,0,-44,-187, not_tired
n_43, 11,10,8,-46,-175, not_tired
n_43, 10,14,1,-42,-153, not_tired
n_430, 0,0,0,0,0, not_tired
n_430, 15,14,0,37,-142, not_tired
n_430, 13,16,0,42,-144, not_tired
n_430, 12,17,0,28,-141, not_tired
n_430, 13,16,1,32,-137, not_tired
n_430, 15,16,0,33,-141, not_tired
n_430, 13,14,0,35,-139, not_tired
n_430, 12,14,0,39,-134, not_tired
n_430, 12,13,0,43,-132, not_tired
n_430, 12,14,0,40,-131, not_tired
n_431, 10,14,1,41,-146, not_tired
n_431, 14,16,0,42,-132, not_tired
n_431, 14,14,2,45,-134, not_tired
n_431, 12,13,0,44,-141, not_tired
n_431, 15,14,0,40,-143, not_tired
n_431, 13,15,0,43,-136, not_tired
n_431, 12,15,0,47,-146, not_tired
n_431, 14,14,0,47,-143, not_tired
n_431, 14,13,0,49,-146, not_tired
n_431, 13,14,0,49,-146, not_tired
n_432, 13,15,0,42,-152, not_tired
n_432, 13,14,0,44,-145, not_tired
n_432, 13,15,0,42,-146, not_tired
n_432, 12,15,0,37,-145, not_tired
n_432, 14,18,0,35,-144, not_tired
n_432, 15,16,0,47,-142, not_tired
n_432, 13,16,1,33,-151, not_tired
n_432, 14,15,1,31,-146, not_tired
n_432, 14,15,0,36,-140, not_tired
n_432, 13,14,0,36,-139, not_tired
n_433, 13,14,0,39,-141, not_tired
n_433, 14,15,0,36,-142, not_tired
n_433, 13,13,1,41,-146, not_tired
n_433, 13,14,0,40,-145, not_tired
n_433, 14,15,0,40,-148, not_tired
n_433, 14,13,1,43,-143, not_tired
n_433, 14,13,0,43,-142, not_tired
n_433, 14,13,1,43,-144, not_tired
n_433, 12,13,0,41,-140, not_tired
n_433, 15,14,0,44,-147, not_tired
n_434, 10,12,0,38,-148, not_tired
n_434, 14,15,1,41,-142, not_tired
n_434, 13,16,0,39,-143, not_tired
n_434, 14,17,0,41,-149, not_tired
n_434, 13,15,0,35,-153, not_tired
n_434, 14,15,1,38,-144, not_tired
n_434, 15,13,0,41,-144, not_tired
n_434, 13,14,0,42,-140, not_tired
n_434, 15,12,0,44,-139, not_tired
n_434, 14,14,0,48,-136, not_tired
n_435, 14,13,0,48,-136, not_tired
n_435, 14,15,0,41,-149, not_tired
n_435, 14,14,0,38,-141, not_tired
n_435, 9,3,1,41,-138, not_tired
n_435, 14,15,1,35,-144, not_tired
n_435, 15,13,1,41,-140, not_tired
n_435, 14,14,0,40,-143, not_tired
n_435, 14,16,0,42,-141, not_tired
n_435, 13,14,1,45,-144, not_tired
n_435, 12,11,0,42,-140, not_tired
n_436, 12,13,0,46,-155, not_tired
n_436, 14,14,0,38,-148, not_tired
n_436, 15,15,0,40,-144, not_tired
n_436, 15,14,0,44,-140, not_tired
n_436, 14,15,0,41,-150, not_tired
n_436, 14,13,0,44,-144, not_tired
n_436, 4,8,0,5,-174, not_tired
n_436, 4,1,1,41,-119, not_tired
n_436, 12,13,15,40,-141, not_tired
n_436, 13,15,4,41,-143, not_tired
n_437, 14,15,2,45,-145, not_tired
n_437, 13,15,0,37,-148, not_tired
n_437, 13,16,3,38,-142, not_tired
n_437, 0,0,0,0,0, not_tired
n_437, 15,17,2,23,-151, not_tired
n_437, 13,16,2,27,-150, not_tired
n_437, 14,17,16,34,-155, not_tired
n_437, 14,17,5,32,-149, not_tired
n_437, 17,21,0,-13,-182, not_tired
n_437, 19,20,1,-29,-183, not_tired
n_438, 16,17,1,18,-171, not_tired
n_438, 14,16,6,42,-145, not_tired
n_438, 14,17,11,50,-149, not_tired
n_438, 0,0,0,0,0, not_tired
n_438, 11,15,1,45,-138, not_tired
n_438, 12,15,0,24,-144, not_tired
n_438, 15,15,0,35,-150, not_tired
n_438, 14,14,1,40,-148, not_tired
n_438, 14,13,1,39,-148, not_tired
n_438, 13,14,0,40,-157, not_tired
n_439, 15,15,0,42,-162, not_tired
n_439, 13,13,0,53,-141, not_tired
n_439, 13,14,0,50,-148, not_tired
n_439, 14,15,0,47,-146, not_tired
n_439, 14,14,0,50,-139, not_tired
n_439, 12,14,0,47,-138, not_tired
n_439, 12,13,0,52,-133, not_tired
n_439, 14,14,1,50,-140, not_tired
n_439, 14,12,0,49,-142, not_tired
n_439, 14,15,0,48,-152, not_tired
n_44, 0,0,0,0,0, not_tired
n_44, 13,12,0,-34,-189, not_tired
n_44, 15,14,1,-38,-191, not_tired
n_44, 14,12,1,-33,-190, not_tired
n_44, 15,12,1,-27,-155, not_tired
n_44, 14,12,8,-24,-175, not_tired
n_44, 13,12,5,-35,-183, not_tired
n_44, 15,13,0,-38,-192, not_tired
n_44, 15,12,0,-19,-173, not_tired
n_44, 15,14,1,-50,-185, not_tired
n_440, 0,0,0,0,0, not_tired
n_440, 14,15,0,45,-140, not_tired
n_440, 8,6,0,44,-139, not_tired
n_440, 13,15,0,45,-139, not_tired
n_440, 13,13,1,41,-132, not_tired
n_440, 13,16,0,36,-135, not_tired
n_440, 14,14,0,51,-133, not_tired
n_440, 12,13,0,50,-134, not_tired
n_440, 13,15,0,40,-141, not_tired
n_440, 14,16,1,34,-146, not_tired
n_441, 14,14,1,44,-145, not_tired
n_441, 13,15,0,45,-146, not_tired
n_441, 13,15,0,37,-145, not_tired
n_441, 14,14,0,45,-148, not_tired
n_441, 14,14,0,38,-144, not_tired
n_441, 13,14,0,41,-143, not_tired
n_441, 14,15,0,38,-138, not_tired
n_441, 12,16,0,35,-142, not_tired
n_441, 13,15,0,34,-143, not_tired
n_441, 13,16,0,39,-133, not_tired
n_442, 13,13,0,36,-145, not_tired
n_442, 12,12,0,41,-139, not_tired
n_442, 12,12,0,39,-139, not_tired
n_442, 12,14,0,35,-138, not_tired
n_442, 12,13,0,36,-135, not_tired
n_442, 13,15,0,40,-141, not_tired
n_442, 14,13,0,58,-134, not_tired
n_442, 15,14,0,55,-146, not_tired
n_442, 15,14,0,56,-149, not_tired
n_442, 14,17,0,48,-146, not_tired
n_443, 14,15,0,50,-137, not_tired
n_443, 12,15,0,47,-147, not_tired
n_443, 13,17,0,35,-137, not_tired
n_443, 0,0,0,0,0, not_tired
n_443, 14,17,0,35,-133, not_tired
n_443, 13,15,0,40,-131, not_tired
n_443, 13,16,0,39,-129, not_tired
n_443, 13,15,0,32,-130, not_tired
n_443, 12,17,0,31,-130, not_tired
n_443, 13,15,0,30,-136, not_tired
n_444, 14,16,0,32,-136, not_tired
n_444, 14,16,0,35,-136, not_tired
n_444, 14,15,0,31,-138, not_tired
n_444, 14,15,1,28,-147, not_tired
n_444, 13,13,0,32,-141, not_tired
n_444, 14,15,0,32,-141, not_tired
n_444, 13,14,0,36,-132, not_tired
n_444, 15,14,0,41,-147, not_tired
n_444, 16,14,0,48,-146, not_tired
n_444, 15,16,0,42,-151, not_tired
n_445, 15,17,0,44,-141, not_tired
n_445, 14,15,0,46,-143, not_tired
n_445, 15,16,0,42,-142, not_tired
n_445, 13,16,0,32,-144, not_tired
n_445, 13,16,0,21,-142, not_tired
n_445, 15,18,0,16,-139, not_tired
n_445, 12,12,0,13,-149, not_tired
n_445, 13,17,0,23,-158, not_tired
n_445, 17,16,0,-19,-156, not_tired
n_445, 19,17,0,-29,-173, not_tired
n_446, 9,9,1,25,-151, not_tired
n_446, 14,15,0,24,-150, not_tired
n_446, 12,14,0,19,-138, not_tired
n_446, 9,9,1,33,-145, not_tired
n_446, 12,14,0,33,-148, not_tired
n_446, 12,10,0,27,-170, not_tired
n_446, 14,13,0,36,-134, not_tired
n_446, 14,13,0,36,-140, not_tired
n_446, 14,13,0,28,-149, not_tired
n_446, 14,16,0,40,-138, not_tired
n_447, 11,13,0,38,-130, not_tired
n_447, 13,14,0,35,-139, not_tired
n_447, 13,12,0,31,-142, not_tired
n_447, 14,13,0,38,-147, not_tired
n_447, 14,13,0,39,-147, not_tired
n_447, 13,11,0,48,-146, not_tired
n_447, 13,13,0,41,-161, not_tired
n_447, 13,12,0,41,-151, not_tired
n_447, 12,11,0,47,-147, not_tired
n_447, 12,11,0,42,-149, not_tired
n_448, 13,15,0,41,-152, not_tired
n_448, 13,14,0,41,-151, not_tired
n_448, 13,16,0,39,-149, not_tired
n_448, 12,13,1,39,-149, not_tired
n_448, 10,12,0,34,-148, not_tired
n_448, 13,14,0,5,-163, not_tired
n_448, 14,14,0,28,-155, not_tired
n_448, 12,14,0,38,-144, not_tired
n_448, 13,14,0,45,-145, not_tired
n_448, 14,14,0,39,-142, not_tired
n_449, 12,13,0,37,-141, not_tired
n_449, 13,14,0,38,-154, not_tired
n_449, 10,12,0,36,-151, not_tired
n_449, 15,14,0,40,-143, not_tired
n_449, 13,14,0,36,-144, not_tired
n_449, 13,14,0,39,-144, not_tired
n_449, 15,14,0,40,-144, not_tired
n_449, 14,14,0,38,-143, not_tired
n_449, 12,14,0,42,-141, not_tired
n_449, 13,12,0,52,-141, not_tired
n_45, 0,0,0,0,0, not_tired
n_45, 13,11,1,-46,-177, not_tired
n_45, 12,15,0,21,-182, not_tired
n_45, 15,16,0,58,-178, not_tired
n_45, 12,7,0,-47,-167, not_tired
n_45, 5,3,1,-25,-179, not_tired
n_45, 8,8,1,-75,-164, not_tired
n_45, 11,11,1,-70,-167, not_tired
n_45, 12,12,0,-58,-169, not_tired
n_45, 15,13,0,-51,-174, not_tired
n_450, 0,0,0,0,0, not_tired
n_450, 14,12,0,45,-132, not_tired
n_450, 14,12,1,47,-139, not_tired
n_450, 13,14,0,58,-138, not_tired
n_450, 14,16,0,40,-139, not_tired
n_450, 14,15,0,36,-136, not_tired
n_450, 13,14,0,37,-141, not_tired
n_450, 15,14,0,38,-144, not_tired
n_450, 14,14,0,39,-142, not_tired
n_450, 15,13,1,47,-136, not_tired
n_451, 14,11,0,51,-132, not_tired
n_451, 13,11,0,55,-132, not_tired
n_451, 13,14,0,46,-137, not_tired
n_451, 13,13,0,40,-139, not_tired
n_451, 12,12,1,40,-138, not_tired
n_451, 12,14,0,39,-135, not_tired
n_451, 13,13,0,38,-138, not_tired
n_451, 13,13,0,39,-140, not_tired
n_451, 12,12,0,42,-141, not_tired
n_451, 13,12,0,39,-142, not_tired
n_452, 12,13,0,36,-136, not_tired
n_452, 12,15,0,35,-140, not_tired
n_452, 13,10,0,63,-147, not_tired
n_452, 15,11,1,31,-142, not_tired
n_452, 12,13,0,32,-142, not_tired
n_452, 15,13,0,40,-140, not_tired
n_452, 15,13,0,50,-145, not_tired
n_452, 14,15,1,48,-139, not_tired
n_452, 14,15,0,45,-146, not_tired
n_452, 13,15,0,41,-143, not_tired
n_453, 13,15,0,55,-144, not_tired
n_453, 14,14,0,49,-143, not_tired
n_453, 12,13,1,52,-138, not_tired
n_453, 13,14,0,49,-141, not_tired
n_453, 12,12,0,48,-138, not_tired
n_453, 11,14,1,46,-143, not_tired
n_453, 12,13,0,39,-140, not_tired
n_453, 11,14,0,36,-134, not_tired
n_453, 13,14,0,36,-135, not_tired
n_453, 12,14,0,40,-135, not_tired
n_454, 12,15,0,34,-136, not_tired
n_454, 12,14,0,30,-139, not_tired
n_454, 14,16,0,37,-156, not_tired
n_454, 12,13,1,35,-140, not_tired
n_454, 14,15,0,38,-146, not_tired
n_454, 14,16,0,40,-146, not_tired
n_454, 12,13,0,42,-139, not_tired
n_454, 13,13,0,37,-140, not_tired
n_454, 13,14,0,34,-141, not_tired
n_454, 13,14,1,39,-147, not_tired
n_455, 13,15,0,44,-144, not_tired
n_455, 13,13,1,43,-144, not_tired
n_455, 12,15,0,42,-137, not_tired
n_455, 13,14,0,41,-136, not_tired
n_455, 13,14,0,43,-142, not_tired
n_455, 12,13,0,41,-143, not_tired
n_455, 12,14,0,36,-138, not_tired
n_455, 12,14,0,32,-130, not_tired
n_455, 11,15,0,31,-129, not_tired
n_455, 12,15,0,30,-134, not_tired
n_456, 12,16,0,33,-137, not_tired
n_456, 14,14,0,35,-141, not_tired
n_456, 13,15,0,35,-140, not_tired
n_456, 12,14,0,31,-138, not_tired
n_456, 14,14,0,38,-142, not_tired
n_456, 14,13,1,40,-140, not_tired
n_456, 13,15,0,37,-147, not_tired
n_456, 14,14,0,38,-140, not_tired
n_456, 14,14,0,41,-143, not_tired
n_456, 13,16,0,38,-142, not_tired
n_457, 12,13,0,3,-165, not_tired
n_457, 9,14,0,58,-157, not_tired
n_457, 11,16,1,67,-154, not_tired
n_457, 12,14,1,59,-158, not_tired
n_457, 10,15,1,65,-148, not_tired
n_457, 14,16,0,48,-149, not_tired
n_457, 16,16,0,17,-162, not_tired
n_457, 16,17,0,25,-162, not_tired
n_457, 18,16,0,27,-166, not_tired
n_457, 18,16,0,-35,-160, not_tired
n_458, 5,8,21,-10,-128, not_tired
n_458, 11,13,4,-31,-124, not_tired
n_458, 16,15,0,-12,-154, not_tired
n_458, 15,15,0,-21,-161, not_tired
n_458, 16,15,0,-41,-160, not_tired
n_458, 16,15,0,-48,-156, not_tired
n_458, 16,17,1,-46,-164, not_tired
n_458, 17,18,1,-42,-168, not_tired
n_458, 16,17,0,-42,-158, not_tired
n_458, 16,16,1,-40,-165, not_tired
n_459, 16,16,1,-31,-163, not_tired
n_459, 15,15,0,-34,-161, not_tired
n_459, 16,15,0,-33,-158, not_tired
n_459, 16,16,0,-29,-156, not_tired
n_459, 18,16,0,-24,-157, not_tired
n_459, 16,16,0,-31,-158, not_tired
n_459, 16,15,0,-35,-157, not_tired
n_459, 18,15,0,-27,-158, not_tired
n_459, 15,14,1,-27,-152, not_tired
n_459, 16,16,0,-35,-160, not_tired
n_46, 0,0,0,0,0, not_tired
n_46, 13,7,0,-51,-159, not_tired
n_46, 11,7,2,-75,-147, not_tired
n_46, 13,6,2,-77,-162, not_tired
n_46, 11,7,5,-80,-154, not_tired
n_46, 13,14,0,-31,-182, not_tired
n_46, 14,13,2,-19,-183, not_tired
n_46, 12,11,0,-23,-189, not_tired
n_46, 12,12,0,-22,-183, not_tired
n_46, 9,9,1,-15,-179, not_tired
n_460, 0,0,0,0,0, not_tired
n_460, 16,15,0,-31,-155, not_tired
n_460, 16,15,1,-27,-160, not_tired
n_460, 17,15,0,-25,-157, not_tired
n_460, 10,2,1,-20,-153, not_tired
n_460, 16,16,0,-22,-157, not_tired
n_460, 16,16,0,-28,-156, not_tired
n_460, 17,16,1,-28,-154, not_tired
n_460, 17,15,0,-29,-147, not_tired
n_460, 16,15,1,-24,-154, not_tired
n_461, 15,12,0,-42,-152, not_tired
n_461, 16,15,0,-13,-159, not_tired
n_461, 16,15,0,-21,-159, not_tired
n_461, 17,15,1,-24,-155, not_tired
n_461, 17,14,0,-24,-157, not_tired
n_461, 16,15,0,-24,-156, not_tired
n_461, 15,15,0,-27,-156, not_tired
n_461, 17,16,1,-24,-157, not_tired
n_461, 14,14,0,-32,-157, not_tired
n_461, 18,15,0,-25,-157, not_tired
n_462, 15,16,0,-19,-156, not_tired
n_462, 16,15,1,-25,-153, not_tired
n_462, 17,16,0,-25,-154, not_tired
n_462, 16,14,0,-23,-156, not_tired
n_462, 17,16,0,-29,-159, not_tired
n_462, 15,15,0,-27,-156, not_tired
n_462, 17,14,0,-30,-155, not_tired
n_462, 17,16,0,-25,-156, not_tired
n_462, 17,16,0,-29,-154, not_tired
n_462, 17,15,0,-26,-155, not_tired
n_463, 18,15,1,-26,-155, not_tired
n_463, 17,16,1,-26,-153, not_tired
n_463, 15,14,0,-22,-153, not_tired
n_463, 16,15,0,-25,-158, not_tired
n_463, 17,15,0,-25,-154, not_tired
n_463, 14,14,0,-29,-153, not_tired
n_463, 11,12,0,-30,-152, not_tired
n_463, 16,16,0,-38,-156, not_tired
n_463, 16,14,1,-41,-150, not_tired
n_463, 17,15,1,-23,-157, not_tired
n_464, 16,16,0,-32,-159, not_tired
n_464, 15,15,0,-34,-157, not_tired
n_464, 17,14,0,-33,-161, not_tired
n_464, 15,16,1,-33,-161, not_tired
n_464, 17,14,1,-32,-161, not_tired
n_464, 16,14,0,-35,-159, not_tired
n_464, 7,2,0,-32,-156, not_tired
n_464, 16,14,0,-35,-157, not_tired
n_464, 13,12,0,-34,-156, not_tired
n_464, 16,14,1,-38,-156, not_tired
n_465, 17,15,0,-33,-159, not_tired
n_465, 16,15,1,-35,-157, not_tired
n_465, 16,14,0,-32,-157, not_tired
n_465, 16,15,0,-34,-156, not_tired
n_465, 16,16,1,-33,-157, not_tired
n_465, 17,16,1,-33,-157, not_tired
n_465, 15,16,0,-33,-155, not_tired
n_465, 16,16,0,-36,-154, not_tired
n_465, 16,16,0,-34,-156, not_tired
n_465, 16,16,0,-31,-159, not_tired
n_466, 16,15,0,-29,-159, not_tired
n_466, 16,14,1,-32,-156, not_tired
n_466, 17,14,1,-30,-157, not_tired
n_466, 16,16,1,-31,-154, not_tired
n_466, 16,14,0,-30,-157, not_tired
n_466, 16,14,1,-30,-155, not_tired
n_466, 17,14,1,-32,-156, not_tired
n_466, 15,15,0,-33,-155, not_tired
n_466, 16,14,0,-35,-157, not_tired
n_466, 16,15,0,-31,-160, not_tired
n_467, 16,14,1,-16,-156, not_tired
n_467, 12,12,0,-22,-153, not_tired
n_467, 4,3,0,-39,-146, not_tired
n_467, 11,9,0,-34,-154, not_tired
n_467, 16,15,0,-36,-162, not_tired
n_467, 11,11,1,-39,-165, not_tired
n_467, 14,13,0,-29,-168, not_tired
n_467, 15,17,0,-28,-171, not_tired
n_467, 15,16,0,-29,-171, not_tired
n_467, 16,16,1,-31,-165, not_tired
n_468, 16,15,0,-28,-157, not_tired
n_468, 16,14,1,-21,-163, not_tired
n_468, 17,14,0,-21,-160, not_tired
n_468, 17,14,0,-25,-159, not_tired
n_468, 11,7,0,-24,-155, not_tired
n_468, 16,14,0,-27,-160, not_tired
n_468, 17,15,0,-25,-162, not_tired
n_468, 16,16,0,-32,-160, not_tired
n_468, 15,14,1,-26,-161, not_tired
n_468, 16,14,0,-29,-154, not_tired
n_469, 17,15,0,-23,-161, not_tired
n_469, 17,16,0,-22,-159, not_tired
n_469, 18,14,0,-16,-153, not_tired
n_469, 13,13,0,-17,-155, not_tired
n_469, 14,14,0,-23,-154, not_tired
n_469, 17,15,0,-25,-154, not_tired
n_469, 17,16,0,-21,-165, not_tired
n_469, 14,12,0,-15,-158, not_tired
n_469, 16,14,0,-20,-155, not_tired
n_469, 16,15,1,-19,-156, not_tired
n_47, 0,0,0,0,0, not_tired
n_47, 4,3,0,-53,-162, not_tired
n_47, 7,10,0,-72,-169, not_tired
n_47, 11,10,1,-66,-152, not_tired
n_47, 14,12,0,-48,-172, not_tired
n_47, 8,7,1,-2,-179, not_tired
n_47, 0,0,0,0,0, not_tired
n_47, 14,11,0,-45,-175, not_tired
n_47, 12,13,0,-40,-172, not_tired
n_47, 14,13,0,-41,-176, not_tired
n_470, 0,0,0,0,0, not_tired
n_470, 17,15,0,-25,-154, not_tired
n_470, 17,14,0,-27,-156, not_tired
n_470, 15,13,1,-24,-155, not_tired
n_470, 13,11,0,-26,-155, not_tired
n_470, 16,15,1,-23,-156, not_tired
n_470, 16,15,0,-25,-156, not_tired
n_470, 17,15,0,-23,-157, not_tired
n_470, 15,15,0,-25,-155, not_tired
n_470, 6,0,0,-23,-156, not_tired
n_471, 17,16,0,-22,-154, not_tired
n_471, 16,15,0,-23,-154, not_tired
n_471, 18,15,1,-23,-157, not_tired
n_471, 14,12,0,-22,-152, not_tired
n_471, 14,12,0,-25,-152, not_tired
n_471, 17,16,0,-28,-154, not_tired
n_471, 16,16,1,-24,-154, not_tired
n_471, 18,14,1,-23,-157, not_tired
n_471, 17,15,1,-20,-152, not_tired
n_471, 14,13,0,-23,-156, not_tired
n_472, 17,15,0,-27,-158, not_tired
n_472, 18,15,0,-18,-156, not_tired
n_472, 18,14,0,-16,-156, not_tired
n_472, 18,15,0,-25,-154, not_tired
n_472, 19,16,0,-22,-157, not_tired
n_472, 17,15,0,-25,-153, not_tired
n_472, 17,16,0,-16,-153, not_tired
n_472, 17,14,0,-24,-151, not_tired
n_472, 17,15,0,-23,-152, not_tired
n_472, 16,14,0,-25,-149, not_tired
n_473, 16,16,0,-20,-168, not_tired
n_473, 16,16,0,-30,-162, not_tired
n_473, 17,15,0,-29,-163, not_tired
n_473, 16,14,1,-27,-158, not_tired
n_473, 17,16,0,-18,-165, not_tired
n_473, 17,16,0,-30,-163, not_tired
n_473, 16,15,1,-25,-163, not_tired
n_473, 17,16,0,-28,-160, not_tired
n_473, 18,14,0,-28,-163, not_tired
n_473, 16,15,0,-31,-157, not_tired
n_474, 16,14,0,-41,-161, not_tired
n_474, 15,14,0,-43,-163, not_tired
n_474, 10,6,0,-28,-163, not_tired
n_474, 15,14,1,-34,-161, not_tired
n_474, 15,14,0,-37,-157, not_tired
n_474, 15,15,0,-33,-160, not_tired
n_474, 16,14,0,-30,-163, not_tired
n_474, 15,15,0,-36,-158, not_tired
n_474, 17,13,0,-27,-162, not_tired
n_474, 17,16,0,-22,-162, not_tired
n_475, 13,10,0,-26,-136, not_tired
n_475, 16,16,0,-18,-158, not_tired
n_475, 18,18,0,-19,-163, not_tired
n_475, 18,15,0,-22,-159, not_tired
n_475, 17,15,0,-25,-157, not_tired
n_475, 18,16,0,-25,-161, not_tired
n_475, 19,16,0,-25,-161, not_tired
n_475, 17,13,0,-31,-160, not_tired
n_475, 17,17,0,-27,-161, not_tired
n_475, 18,17,1,-19,-166, not_tired
n_476, 16,9,1,-42,-154, not_tired
n_476, 19,16,0,-20,-169, not_tired
n_476, 18,16,0,-23,-165, not_tired
n_476, 15,8,0,-44,-156, not_tired
n_476, 20,17,0,-15,-167, not_tired
n_476, 20,16,0,-13,-166, not_tired
n_476, 18,14,0,-20,-162, not_tired
n_476, 18,15,0,-26,-160, not_tired
n_476, 17,14,0,-36,-161, not_tired
n_476, 18,17,0,-30,-167, not_tired
n_477, 18,17,0,-27,-171, not_tired
n_477, 15,10,0,-45,-158, not_tired
n_477, 18,16,0,-33,-167, not_tired
n_477, 20,15,0,-24,-163, not_tired
n_477, 18,16,0,-22,-159, not_tired
n_477, 17,15,0,-24,-158, not_tired
n_477, 18,16,0,-25,-162, not_tired
n_477, 17,17,0,-24,-164, not_tired
n_477, 10,6,1,-44,-156, not_tired
n_477, 19,16,0,-29,-167, not_tired
n_478, 18,17,0,-38,-168, not_tired
n_478, 18,17,1,-33,-170, not_tired
n_478, 18,16,0,-36,-167, not_tired
n_478, 15,8,0,-39,-166, not_tired
n_478, 18,15,1,-37,-164, not_tired
n_478, 19,17,1,-32,-166, not_tired
n_478, 15,8,0,-42,-160, not_tired
n_478, 17,18,0,-33,-165, not_tired
n_478, 18,16,0,-30,-165, not_tired
n_478, 18,16,1,-35,-167, not_tired
n_479, 17,18,0,-40,-168, not_tired
n_479, 19,17,1,-33,-168, not_tired
n_479, 18,17,0,-41,-164, not_tired
n_479, 18,16,0,-40,-166, not_tired
n_479, 18,15,1,-38,-165, not_tired
n_479, 18,16,0,-48,-165, not_tired
n_479, 17,17,1,-42,-167, not_tired
n_479, 17,17,0,-43,-166, not_tired
n_479, 18,19,1,-41,-166, not_tired
n_479, 18,18,1,-39,-167, not_tired
n_48, 0,0,0,0,0, not_tired
n_48, 17,16,0,-33,-194, not_tired
n_48, 18,14,1,-44,-194, not_tired
n_48, 19,12,0,-34,-195, not_tired
n_48, 16,11,0,-35,-202, not_tired
n_48, 19,11,0,-28,-199, not_tired
n_48, 0,0,0,0,0, not_tired
n_48, 12,16,1,15,-151, not_tired
n_48, 12,15,5,23,-160, not_tired
n_48, 13,11,5,-31,-165, not_tired
n_480, 0,0,0,0,0, not_tired
n_480, 18,17,0,-31,-153, not_tired
n_480, 18,18,0,-31,-164, not_tired
n_480, 18,16,0,-23,-165, not_tired
n_480, 14,11,1,-5,-160, not_tired
n_480, 16,13,0,-21,-155, not_tired
n_480, 16,15,0,-28,-155, not_tired
n_480, 13,12,1,-24,-154, not_tired
n_480, 16,14,0,-21,-148, not_tired
n_480, 19,16,0,-2,-157, not_tired
n_481, 18,17,0,-15,-158, not_tired
n_481, 15,15,0,-19,-153, not_tired
n_481, 17,16,0,-22,-154, not_tired
n_481, 18,16,0,-24,-155, not_tired
n_481, 18,16,0,-19,-161, not_tired
n_481, 18,16,0,-18,-161, not_tired
n_481, 18,16,1,-20,-155, not_tired
n_481, 18,15,0,-17,-158, not_tired
n_481, 17,16,0,-19,-154, not_tired
n_481, 18,15,1,-16,-155, not_tired
n_482, 13,10,0,-27,-150, not_tired
n_482, 14,14,0,-25,-148, not_tired
n_482, 14,15,0,-21,-153, not_tired
n_482, 15,14,1,-27,-150, not_tired
n_482, 15,14,1,-30,-158, not_tired
n_482, 18,16,0,-28,-160, not_tired
n_482, 17,16,1,-30,-154, not_tired
n_482, 17,17,0,-30,-161, not_tired
n_482, 17,17,1,-32,-159, not_tired
n_482, 17,18,1,-34,-157, not_tired
n_483, 17,17,1,-34,-158, not_tired
n_483, 14,7,0,-48,-148, not_tired
n_483, 17,16,0,-17,-159, not_tired
n_483, 15,15,1,-26,-159, not_tired
n_483, 18,16,0,9,-166, not_tired
n_483, 15,15,0,-24,-156, not_tired
n_483, 17,16,0,-20,-159, not_tired
n_483, 16,16,0,-23,-155, not_tired
n_483, 15,14,0,-19,-157, not_tired
n_483, 14,11,0,-4,-153, not_tired
n_484, 15,9,1,-40,-146, not_tired
n_484, 16,16,0,-26,-157, not_tired
n_484, 17,16,1,-31,-157, not_tired
n_484, 8,2,0,-45,-151, not_tired
n_484, 12,8,0,-37,-156, not_tired
n_484, 16,15,0,-23,-161, not_tired
n_484, 16,16,0,-26,-159, not_tired
n_484, 15,15,0,-28,-155, not_tired
n_484, 18,15,1,-27,-157, not_tired
n_484, 17,16,1,-23,-155, not_tired
n_485, 16,16,0,-29,-156, not_tired
n_485, 16,16,0,-26,-158, not_tired
n_485, 18,16,1,-28,-154, not_tired
n_485, 17,15,0,-24,-159, not_tired
n_485, 17,16,1,-30,-155, not_tired
n_485, 17,16,0,-24,-158, not_tired
n_485, 16,15,0,-22,-158, not_tired
n_485, 17,17,0,-30,-155, not_tired
n_485, 16,13,0,-30,-156, not_tired
n_485, 18,16,1,-34,-157, not_tired
n_486, 15,15,0,-32,-157, not_tired
n_486, 17,16,0,-32,-157, not_tired
n_486, 18,17,0,-33,-157, not_tired
n_486, 16,15,1,-31,-158, not_tired
n_486, 15,9,1,-43,-147, not_tired
n_486, 18,14,0,-30,-158, not_tired
n_486, 19,14,0,-28,-160, not_tired
n_486, 15,14,0,-30,-154, not_tired
n_486, 18,14,0,-30,-157, not_tired
n_486, 17,15,0,-33,-152, not_tired
n_487, 16,13,0,-35,-153, not_tired
n_487, 17,15,1,-31,-153, not_tired
n_487, 17,15,0,-30,-156, not_tired
n_487, 17,16,0,-31,-152, not_tired
n_487, 18,17,1,-31,-153, not_tired
n_487, 15,13,0,-26,-157, not_tired
n_487, 17,17,0,-18,-155, not_tired
n_487, 18,15,1,-23,-158, not_tired
n_487, 18,16,0,-18,-160, not_tired
n_487, 15,14,0,-24,-155, not_tired
n_488, 17,16,1,-29,-156, not_tired
n_488, 16,16,0,-31,-151, not_tired
n_488, 11,6,0,-23,-155, not_tired
n_488, 17,15,1,-26,-160, not_tired
n_488, 17,16,0,-21,-166, not_tired
n_488, 17,15,0,-28,-164, not_tired
n_488, 16,16,0,-32,-157, not_tired
n_488, 15,14,1,-32,-161, not_tired
n_488, 13,14,0,-38,-153, not_tired
n_488, 14,14,1,-35,-162, not_tired
n_489, 17,16,0,-38,-157, not_tired
n_489, 16,16,0,-42,-158, not_tired
n_489, 18,16,0,-40,-161, not_tired
n_489, 18,17,1,-43,-162, not_tired
n_489, 17,17,0,-39,-160, not_tired
n_489, 17,17,1,-32,-161, not_tired
n_489, 18,17,0,-24,-155, not_tired
n_489, 14,13,0,-25,-151, not_tired
n_489, 15,14,0,-29,-151, not_tired
n_489, 15,13,0,-22,-157, not_tired
n_49, 0,0,0,0,0, not_tired
n_49, 13,13,0,-45,-173, not_tired
n_49, 13,12,0,-54,-174, not_tired
n_49, 6,6,0,-19,-196, not_tired
n_49, 9,10,2,-19,-197, not_tired
n_49, 8,4,0,-21,-195, not_tired
n_49, 8,6,1,-20,-194, not_tired
n_49, 8,6,1,-22,-195, not_tired
n_49, 6,5,0,-26,-196, not_tired
n_49, 0,0,0,0,0, not_tired
n_490, 14,12,0,-24,-153, not_tired
n_490, 15,13,1,-23,-157, not_tired
n_490, 18,16,0,-28,-151, not_tired
n_490, 18,16,0,-22,-153, not_tired
n_490, 14,11,0,-21,-157, not_tired
n_490, 17,16,1,-25,-155, not_tired
n_490, 12,14,0,-26,-151, not_tired
n_490, 14,14,0,-21,-154, not_tired
n_490, 15,15,0,-26,-151, not_tired
n_490, 15,12,1,-28,-150, not_tired
n_491, 16,15,1,-26,-152, not_tired
n_491, 16,17,0,-27,-150, not_tired
n_491, 14,14,0,-26,-151, not_tired
n_491, 15,14,0,-28,-149, not_tired
n_491, 12,5,0,-24,-152, not_tired
n_491, 16,15,0,-29,-155, not_tired
n_491, 17,16,0,-25,-160, not_tired
n_491, 15,14,1,-29,-157, not_tired
n_491, 13,11,1,-24,-156, not_tired
n_491, 15,15,0,-25,-159, not_tired
n_492, 14,14,0,-32,-153, not_tired
n_492, 14,14,0,-27,-155, not_tired
n_492, 16,16,0,-32,-155, not_tired
n_492, 12,9,0,-33,-153, not_tired
n_492, 17,17,0,-35,-156, not_tired
n_492, 17,15,0,-28,-158, not_tired
n_492, 18,16,0,-28,-158, not_tired
n_492, 17,16,0,-25,-155, not_tired
n_492, 14,14,0,-28,-151, not_tired
n_492, 17,16,0,-24,-159, not_tired
n_493, 17,16,0,-31,-157, not_tired
n_493, 17,15,1,-33,-159, not_tired
n_493, 18,15,0,-26,-154, not_tired
n_493, 17,16,0,-29,-150, not_tired
n_493, 18,16,0,-25,-161, not_tired
n_493, 18,16,0,-27,-153, not_tired
n_493, 17,16,0,-27,-153, not_tired
n_493, 15,15,0,-28,-151, not_tired
n_493, 15,13,0,-30,-150, not_tired
n_493, 15,13,1,-27,-150, not_tired
n_494, 17,17,1,-30,-151, not_tired
n_494, 13,13,0,-29,-148, not_tired
n_494, 16,16,0,-28,-151, not_tired
n_494, 17,15,0,-31,-148, not_tired
n_494, 16,14,0,-28,-150, not_tired
n_494, 17,15,0,-27,-150, not_tired
n_494, 17,16,0,-28,-152, not_tired
n_494, 16,14,0,-27,-151, not_tired
n_494, 17,15,0,-25,-157, not_tired
n_494, 18,16,1,-29,-153, not_tired
n_495, 18,16,0,-32,-152, not_tired
n_495, 16,14,0,-29,-156, not_tired
n_495, 17,15,0,-34,-152, not_tired
n_495, 17,17,1,-33,-153, not_tired
n_495, 16,15,0,-18,-153, not_tired
n_495, 17,16,0,-28,-167, not_tired
n_495, 15,15,0,-31,-166, not_tired
n_495, 14,15,0,-33,-162, not_tired
n_495, 15,13,1,-32,-166, not_tired
n_495, 18,16,0,23,-171, not_tired
n_496, 17,16,0,-28,-160, not_tired
n_496, 12,10,0,-36,-157, not_tired
n_496, 17,15,0,-32,-161, not_tired
n_496, 14,15,0,-33,-154, not_tired
n_496, 16,17,1,-33,-156, not_tired
n_496, 16,13,0,-30,-159, not_tired
n_496, 13,13,0,-32,-155, not_tired
n_496, 14,13,0,-32,-153, not_tired
n_496, 17,15,1,-29,-158, not_tired
n_496, 16,13,0,-26,-160, not_tired
n_497, 15,14,0,-26,-158, not_tired
n_497, 16,15,0,-28,-157, not_tired
n_497, 12,9,1,-22,-158, not_tired
n_497, 17,15,0,-25,-157, not_tired
n_497, 12,5,1,-32,-152, not_tired
n_497, 16,15,0,-23,-153, not_tired
n_497, 17,16,1,-24,-152, not_tired
n_497, 18,14,0,-20,-157, not_tired
n_497, 18,15,0,-24,-156, not_tired
n_497, 17,16,0,-25,-157, not_tired
n_498, 17,16,0,-27,-156, not_tired
n_498, 17,16,0,-10,-154, not_tired
n_498, 14,14,0,-23,-154, not_tired
n_498, 18,16,1,-26,-157, not_tired
n_498, 18,17,0,-22,-157, not_tired
n_498, 17,16,0,-18,-155, not_tired
n_498, 17,16,0,-20,-156, not_tired
n_498, 17,16,0,-23,-154, not_tired
n_498, 19,15,0,-20,-157, not_tired
n_498, 16,15,0,-25,-154, not_tired
n_499, 11,2,0,-27,-157, not_tired
n_499, 17,16,1,-35,-153, not_tired
n_499, 18,16,1,-33,-156, not_tired
n_499, 17,16,0,-32,-155, not_tired
n_499, 17,15,0,-32,-159, not_tired
n_499, 17,17,1,-34,-156, not_tired
n_499, 13,10,1,-30,-158, not_tired
n_499, 15,14,1,-31,-155, not_tired
n_499, 16,15,0,-33,-153, not_tired
n_499, 14,14,0,-28,-153, not_tired
n_5, 0,0,0,0,0, not_tired
n_5, 15,15,2,-27,-196, not_tired
n_5, 9,11,1,-45,-198, not_tired
n_5, 14,10,0,-50,-189, not_tired
n_5, 16,12,1,-41,-199, not_tired
n_5, 15,14,0,-36,-208, not_tired
n_5, 13,12,0,-36,-203, not_tired
n_5, 15,11,1,-45,-201, not_tired
n_5, 16,17,0,-26,-217, not_tired
n_5, 14,12,0,-32,-204, not_tired
n_50, 0,0,0,0,0, not_tired
n_50, 14,7,2,-60,-156, not_tired
n_50, 3,2,1,-5,-197, not_tired
n_50, 15,14,0,-12,-199, not_tired
n_50, 13,15,1,25,-180, not_tired
n_50, 12,12,0,18,-178, not_tired
n_50, 0,0,0,0,0, not_tired
n_50, 14,11,3,-70,-151, not_tired
n_50, 14,6,0,-76,-156, not_tired
n_50, 14,8,0,-59,-159, not_tired
n_500, 0,0,0,0,0, not_tired
n_500, 17,16,0,-27,-152, not_tired
n_500, 16,12,0,-28,-154, not_tired
n_500, 14,12,0,-27,-153, not_tired
n_500, 16,14,0,-28,-154, not_tired
n_500, 14,13,0,-29,-154, not_tired
n_500, 17,15,0,-26,-156, not_tired
n_500, 17,15,0,-30,-157, not_tired
n_500, 16,15,0,-29,-156, not_tired
n_500, 18,16,0,-31,-157, not_tired
n_501, 17,16,1,-31,-155, not_tired
n_501, 17,16,0,-32,-157, not_tired
n_501, 18,16,0,-29,-158, not_tired
n_501, 17,14,0,-31,-159, not_tired
n_501, 15,8,1,-44,-147, not_tired
n_501, 18,15,0,-23,-158, not_tired
n_501, 17,16,1,-29,-157, not_tired
n_501, 17,15,0,-31,-155, not_tired
n_501, 17,16,0,-29,-154, not_tired
n_501, 18,18,0,-11,-160, not_tired
n_502, 17,16,0,-26,-158, not_tired
n_502, 16,15,0,-32,-154, not_tired
n_502, 17,17,0,-27,-157, not_tired
n_502, 9,1,0,-25,-155, not_tired
n_502, 10,8,0,-28,-159, not_tired
n_502, 3,1,0,-45,-149, not_tired
n_502, 16,15,0,-29,-153, not_tired
n_502, 17,16,0,-30,-156, not_tired
n_502, 17,15,0,-29,-158, not_tired
n_502, 17,16,0,-29,-156, not_tired
n_503, 17,15,0,-34,-156, not_tired
n_503, 7,1,0,-36,-153, not_tired
n_503, 14,14,0,-20,-154, not_tired
n_503, 16,16,0,-26,-150, not_tired
n_503, 17,14,0,-22,-154, not_tired
n_503, 19,19,1,-26,-152, not_tired
n_503, 17,15,0,-27,-155, not_tired
n_503, 18,16,0,-29,-155, not_tired
n_503, 16,15,1,-32,-156, not_tired
n_503, 16,17,1,-32,-155, not_tired
n_504, 15,16,0,-30,-158, not_tired
n_504, 18,17,0,22,-168, not_tired
n_504, 17,17,0,-21,-161, not_tired
n_504, 11,6,0,-17,-155, not_tired
n_504, 18,17,0,-27,-158, not_tired
n_504, 18,17,0,-34,-153, not_tired
n_504, 18,16,0,-28,-160, not_tired
n_504, 16,17,0,-34,-155, not_tired
n_504, 17,16,0,-35,-160, not_tired
n_504, 19,17,0,-35,-162, not_tired
n_505, 16,16,0,-33,-163, not_tired
n_505, 17,16,0,-30,-167, not_tired
n_505, 16,16,1,-32,-159, not_tired
n_505, 14,6,1,-48,-153, not_tired
n_505, 17,15,0,-35,-162, not_tired
n_505, 18,16,0,-30,-164, not_tired
n_505, 14,11,1,-44,-158, not_tired
n_505, 18,14,1,-35,-162, not_tired
n_505, 16,15,1,-33,-163, not_tired
n_505, 17,16,0,-33,-163, not_tired
n_506, 17,16,0,-31,-164, not_tired
n_506, 17,15,0,-32,-163, not_tired
n_506, 17,16,1,-31,-164, not_tired
n_506, 17,15,0,-36,-162, not_tired
n_506, 17,16,0,-34,-162, not_tired
n_506, 18,15,0,-34,-164, not_tired
n_506, 18,18,1,-35,-161, not_tired
n_506, 15,12,1,-47,-152, not_tired
n_506, 17,16,0,-34,-158, not_tired
n_506, 17,16,0,-35,-157, not_tired
n_507, 17,17,0,-35,-155, not_tired
n_507, 12,9,0,-41,-155, not_tired
n_507, 17,16,0,-35,-157, not_tired
n_507, 17,13,0,-29,-163, not_tired
n_507, 17,16,1,-34,-159, not_tired
n_507, 16,14,1,-35,-160, not_tired
n_507, 18,15,0,-32,-160, not_tired
n_507, 18,16,0,-32,-159, not_tired
n_507, 17,14,1,-34,-158, not_tired
n_507, 17,13,0,-38,-156, not_tired
n_508, 17,17,1,-19,-162, not_tired
n_508, 18,16,0,-27,-158, not_tired
n_508, 15,13,0,-25,-155, not_tired
n_508, 17,16,0,-28,-155, not_tired
n_508, 8,3,0,-47,-151, not_tired
n_508, 16,15,1,-35,-158, not_tired
n_508, 18,15,1,-32,-160, not_tired
n_508, 18,15,0,-30,-168, not_tired
n_508, 16,14,0,-33,-159, not_tired
n_508, 16,14,0,-34,-158, not_tired
n_509, 18,16,0,-30,-161, not_tired
n_509, 18,15,0,-32,-160, not_tired
n_509, 17,15,0,-33,-161, not_tired
n_509, 17,15,0,-28,-162, not_tired
n_509, 17,15,0,-32,-161, not_tired
n_509, 18,14,0,-29,-163, not_tired
n_509, 18,14,0,-27,-163, not_tired
n_509, 18,15,0,-26,-161, not_tired
n_509, 16,14,1,-26,-160, not_tired
n_509, 17,16,0,-13,-155, not_tired
n_51, 0,0,0,0,0, not_tired
n_51, 12,12,3,-22,-178, not_tired
n_51, 14,12,0,-18,-180, not_tired
n_51, 13,13,0,-37,-179, not_tired
n_51, 0,0,0,0,0, not_tired
n_51, 11,10,0,25,-181, not_tired
n_51, 0,0,0,0,0, not_tired
n_51, 11,10,7,-36,-176, not_tired
n_51, 15,12,10,-1,-185, not_tired
n_51, 7,7,1,-28,-175, not_tired
n_510, 0,0,0,0,0, not_tired
n_510, 19,18,0,-12,-186, not_tired
n_510, 17,15,0,-25,-159, not_tired
n_510, 16,16,0,-34,-158, not_tired
n_510, 16,15,0,-28,-157, not_tired
n_510, 18,15,0,-25,-158, not_tired
n_510, 19,15,0,-20,-160, not_tired
n_510, 19,14,0,-16,-162, not_tired
n_510, 19,15,0,-18,-159, not_tired
n_510, 17,15,1,-18,-159, not_tired
n_511, 17,15,0,-20,-157, not_tired
n_511, 18,14,1,-18,-161, not_tired
n_511, 14,14,0,-21,-155, not_tired
n_511, 18,14,0,-21,-156, not_tired
n_511, 17,15,1,-20,-156, not_tired
n_511, 17,15,1,-22,-155, not_tired
n_511, 18,16,0,-19,-162, not_tired
n_511, 14,13,0,-23,-158, not_tired
n_511, 17,15,0,-26,-158, not_tired
n_511, 16,16,0,-24,-160, not_tired
n_512, 16,15,1,-29,-155, not_tired
n_512, 16,17,1,-26,-161, not_tired
n_512, 16,12,0,-13,-160, not_tired
n_512, 14,14,0,-26,-157, not_tired
n_512, 17,16,0,-22,-161, not_tired
n_512, 18,16,0,-26,-160, not_tired
n_512, 17,18,0,-27,-157, not_tired
n_512, 19,15,1,-22,-163, not_tired
n_512, 18,15,0,-20,-160, not_tired
n_512, 17,16,0,-27,-161, not_tired
n_513, 15,8,0,-46,-143, not_tired
n_513, 17,16,0,-31,-157, not_tired
n_513, 17,13,0,-28,-156, not_tired
n_513, 13,12,0,-19,-159, not_tired
n_513, 18,16,0,-26,-159, not_tired
n_513, 18,18,0,-3,-152, not_tired
n_513, 18,16,0,-21,-155, not_tired
n_513, 17,14,0,-18,-160, not_tired
n_513, 18,14,0,-25,-156, not_tired
n_513, 16,9,0,-39,-148, not_tired
n_514, 18,14,0,-28,-156, not_tired
n_514, 17,15,1,-26,-157, not_tired
n_514, 17,16,0,-27,-157, not_tired
n_514, 18,16,0,-28,-157, not_tired
n_514, 18,15,0,-22,-160, not_tired
n_514, 17,15,0,-30,-157, not_tired
n_514, 18,14,0,-25,-159, not_tired
n_514, 18,15,0,-26,-156, not_tired
n_514, 17,14,0,-26,-156, not_tired
n_514, 17,16,0,-29,-158, not_tired
n_515, 15,12,0,-41,-150, not_tired
n_515, 18,15,0,-28,-156, not_tired
n_515, 17,15,0,-27,-158, not_tired
n_515, 17,15,0,-26,-156, not_tired
n_515, 18,15,0,-29,-155, not_tired
n_515, 17,16,0,-25,-157, not_tired
n_515, 18,16,0,-16,-167, not_tired
n_515, 18,15,1,-2,-168, not_tired
n_515, 18,16,0,-10,-164, not_tired
n_515, 18,16,0,-15,-163, not_tired
n_516, 15,11,0,-12,-161, not_tired
n_516, 18,16,0,-19,-159, not_tired
n_516, 18,16,0,-23,-159, not_tired
n_516, 18,15,0,-24,-158, not_tired
n_516, 17,15,0,-26,-159, not_tired
n_516, 18,16,0,-26,-161, not_tired
n_516, 19,16,0,-28,-155, not_tired
n_516, 17,17,1,-27,-154, not_tired
n_516, 17,15,0,-30,-154, not_tired
n_516, 17,15,1,-33,-153, not_tired
n_517, 16,15,0,-37,-155, not_tired
n_517, 16,14,0,-33,-154, not_tired
n_517, 18,16,1,-24,-150, not_tired
n_517, 16,15,0,-37,-156, not_tired
n_517, 16,15,0,-39,-152, not_tired
n_517, 17,15,0,-35,-161, not_tired
n_517, 13,10,1,-51,-150, not_tired
n_517, 16,15,1,-42,-157, not_tired
n_517, 17,16,0,-39,-158, not_tired
n_517, 17,17,0,-40,-156, not_tired
n_518, 16,16,0,-41,-156, not_tired
n_518, 14,14,0,-41,-154, not_tired
n_518, 16,16,1,-40,-155, not_tired
n_518, 17,16,0,-42,-156, not_tired
n_518, 16,16,0,-42,-157, not_tired
n_518, 17,16,0,-41,-160, not_tired
n_518, 15,15,0,-45,-158, not_tired
n_518, 14,14,0,-43,-164, not_tired
n_518, 15,16,0,-46,-155, not_tired
n_518, 16,16,0,-42,-163, not_tired
n_519, 16,16,0,-42,-161, not_tired
n_519, 16,17,1,-41,-161, not_tired
n_519, 16,16,0,-41,-163, not_tired
n_519, 16,15,0,-40,-163, not_tired
n_519, 17,16,0,-41,-163, not_tired
n_519, 17,17,0,-42,-160, not_tired
n_519, 17,16,0,-43,-163, not_tired
n_519, 16,17,0,-44,-158, not_tired
n_519, 17,16,0,-42,-166, not_tired
n_519, 18,15,0,-38,-168, not_tired
n_52, 0,0,0,0,0, not_tired
n_52, 12,12,0,-21,-169, not_tired
n_52, 16,16,0,26,-186, not_tired
n_52, 15,15,0,-19,-182, not_tired
n_52, 15,14,3,-32,-177, not_tired
n_52, 16,16,9,-28,-184, not_tired
n_52, 15,17,0,-26,-185, not_tired
n_52, 14,14,0,-22,-179, not_tired
n_52, 15,14,0,-31,-177, not_tired
n_52, 14,14,0,-27,-178, not_tired
n_520, 0,0,0,0,0, not_tired
n_520, 15,15,0,-40,-157, not_tired
n_520, 16,17,0,-9,-171, not_tired
n_520, 17,16,0,-20,-167, not_tired
n_520, 14,13,0,-31,-162, not_tired
n_520, 17,15,0,-36,-153, not_tired
n_520, 14,11,1,-56,-150, not_tired
n_520, 16,17,0,-27,-157, not_tired
n_520, 17,16,0,-30,-156, not_tired
n_520, 14,11,1,-48,-151, not_tired
n_521, 16,15,0,-35,-157, not_tired
n_521, 16,14,0,-38,-154, not_tired
n_521, 9,5,0,-49,-154, not_tired
n_521, 17,15,0,-36,-157, not_tired
n_521, 17,15,0,-36,-156, not_tired
n_521, 16,17,0,-4,-168, not_tired
n_521, 18,14,0,-9,-163, not_tired
n_521, 16,15,0,-23,-163, not_tired
n_521, 16,16,1,-29,-164, not_tired
n_521, 16,15,1,-31,-163, not_tired
n_522, 15,17,0,-32,-163, not_tired
n_522, 10,2,0,-9,-164, not_tired
n_522, 17,15,0,-24,-165, not_tired
n_522, 17,16,0,-30,-163, not_tired
n_522, 16,16,0,-35,-162, not_tired
n_522, 16,16,1,-34,-164, not_tired
n_522, 14,11,1,-43,-159, not_tired
n_522, 17,16,1,-36,-164, not_tired
n_522, 17,15,0,-34,-163, not_tired
n_522, 15,11,0,-54,-149, not_tired
n_523, 11,10,0,-31,-160, not_tired
n_523, 10,9,1,-32,-153, not_tired
n_523, 17,16,0,5,-167, not_tired
n_523, 16,14,1,-15,-172, not_tired
n_523, 16,16,0,-27,-162, not_tired
n_523, 14,15,0,-33,-165, not_tired
n_523, 14,8,1,-49,-153, not_tired
n_523, 17,15,0,-31,-166, not_tired
n_523, 16,17,0,-34,-165, not_tired
n_523, 15,16,0,-35,-166, not_tired
n_524, 15,18,0,-38,-159, not_tired
n_524, 13,12,0,-46,-160, not_tired
n_524, 17,16,0,-40,-161, not_tired
n_524, 16,16,0,-38,-160, not_tired
n_524, 12,8,0,-36,-159, not_tired
n_524, 13,12,0,-39,-157, not_tired
n_524, 9,5,0,-39,-159, not_tired
n_524, 16,16,0,-38,-157, not_tired
n_524, 16,17,0,-40,-155, not_tired
n_524, 17,15,0,-35,-159, not_tired
n_525, 16,16,0,-38,-155, not_tired
n_525, 15,15,0,-34,-160, not_tired
n_525, 17,18,0,-38,-157, not_tired
n_525, 17,15,0,-30,-166, not_tired
n_525, 16,16,0,-35,-154, not_tired
n_525, 17,17,0,-35,-156, not_tired
n_525, 17,16,1,-36,-156, not_tired
n_525, 16,16,1,-37,-158, not_tired
n_525, 16,18,0,-39,-158, not_tired
n_525, 3,1,0,-54,-150, not_tired
n_526, 17,17,1,-39,-159, not_tired
n_526, 17,16,1,-37,-164, not_tired
n_526, 16,17,1,-39,-158, not_tired
n_526, 17,17,0,-43,-158, not_tired
n_526, 15,16,0,-45,-159, not_tired
n_526, 17,15,0,-41,-163, not_tired
n_526, 15,16,1,-44,-160, not_tired
n_526, 17,16,0,-43,-164, not_tired
n_526, 16,17,0,-41,-162, not_tired
n_526, 16,16,1,-41,-161, not_tired
n_527, 15,16,0,-40,-162, not_tired
n_527, 17,16,0,-38,-165, not_tired
n_527, 17,16,0,-37,-163, not_tired
n_527, 13,14,0,-38,-159, not_tired
n_527, 12,14,0,-39,-156, not_tired
n_527, 16,16,0,-36,-164, not_tired
n_527, 17,18,1,-37,-160, not_tired
n_527, 16,18,1,-38,-160, not_tired
n_527, 12,12,0,-33,-157, not_tired
n_527, 16,15,0,-30,-160, not_tired
n_528, 17,17,0,-26,-168, not_tired
n_528, 18,17,0,-29,-161, not_tired
n_528, 18,17,1,-27,-160, not_tired
n_528, 16,16,0,-29,-159, not_tired
n_528, 10,1,0,-27,-156, not_tired
n_528, 14,10,0,-23,-154, not_tired
n_528, 15,12,1,-24,-150, not_tired
n_528, 14,12,0,-16,-155, not_tired
n_528, 14,11,0,-21,-153, not_tired
n_528, 17,16,1,-22,-154, not_tired
n_529, 17,17,0,-26,-156, not_tired
n_529, 16,16,1,-28,-155, not_tired
n_529, 18,18,0,-25,-157, not_tired
n_529, 18,16,0,-30,-160, not_tired
n_529, 17,16,0,-30,-166, not_tired
n_529, 17,15,1,-39,-164, not_tired
n_529, 16,15,0,-43,-162, not_tired
n_529, 16,17,0,-41,-167, not_tired
n_529, 16,17,0,-46,-164, not_tired
n_529, 17,17,0,-44,-166, not_tired
n_53, 0,0,0,0,0, not_tired
n_53, 14,12,0,-35,-182, not_tired
n_53, 14,12,0,-28,-192, not_tired
n_53, 13,13,1,-20,-192, not_tired
n_53, 15,13,0,-38,-186, not_tired
n_53, 12,13,1,-38,-182, not_tired
n_53, 15,14,3,-31,-184, not_tired
n_53, 14,15,1,-40,-200, not_tired
n_53, 13,15,0,-47,-193, not_tired
n_53, 13,16,1,-47,-188, not_tired
n_530, 0,0,0,0,0, not_tired
n_530, 18,16,1,-27,-164, not_tired
n_530, 20,18,1,-24,-169, not_tired
n_530, 17,15,0,-21,-165, not_tired
n_530, 19,16,0,-18,-170, not_tired
n_530, 18,16,0,-18,-169, not_tired
n_530, 14,13,0,-15,-166, not_tired
n_530, 18,17,0,-19,-164, not_tired
n_530, 19,16,0,-17,-164, not_tired
n_530, 17,16,0,-24,-165, not_tired
n_531, 13,15,0,0,-156, not_tired
n_531, 1,1,0,-16,-166, not_tired
n_531, 11,12,1,-4,-144, not_tired
n_531, 0,0,0,0,0, not_tired
n_531, 0,0,0,0,0, not_tired
n_531, 0,0,0,0,0, not_tired
n_531, 0,0,0,0,0, not_tired
n_531, 0,0,0,0,0, not_tired
n_531, 0,0,0,0,0, not_tired
n_531, 0,0,0,0,0, not_tired
n_532, 4,1,0,8,-154, not_tired
n_532, 0,0,0,0,0, not_tired
n_532, 0,0,0,0,0, not_tired
n_532, 0,0,0,0,0, not_tired
n_532, 0,0,0,0,0, not_tired
n_532, 0,0,0,0,0, not_tired
n_532, 0,0,0,0,0, not_tired
n_532, 15,15,0,30,-143, not_tired
n_532, 6,7,0,14,-146, not_tired
n_532, 10,8,0,40,-141, not_tired
n_533, 0,0,0,0,0, not_tired
n_533, 0,0,0,0,0, not_tired
n_533, 2,0,0,-21,-145, not_tired
n_533, 16,14,0,2,-146, not_tired
n_533, 11,12,0,24,-124, not_tired
n_533, 8,7,1,29,-136, not_tired
n_533, 11,14,0,16,-136, not_tired
n_533, 11,13,0,23,-133, not_tired
n_533, 6,10,0,26,-132, not_tired
n_533, 11,13,0,34,-130, not_tired
n_534, 9,11,0,38,-135, not_tired
n_534, 0,0,0,0,0, not_tired
n_534, 13,14,1,33,-138, not_tired
n_534, 12,13,1,13,-149, not_tired
n_534, 7,8,0,38,-148, not_tired
n_534, 0,0,0,0,0, not_tired
n_534, 0,0,0,0,0, not_tired
n_534, 12,13,15,12,-140, not_tired
n_534, 12,12,17,14,-139, not_tired
n_534, 13,12,1,2,-169, not_tired
n_535, 9,7,0,-7,-135, not_tired
n_535, 14,13,0,25,-150, not_tired
n_535, 12,13,1,14,-150, not_tired
n_535, 11,11,0,11,-139, not_tired
n_535, 12,14,0,21,-145, not_tired
n_535, 12,10,0,39,-141, not_tired
n_535, 14,13,1,20,-137, not_tired
n_535, 8,8,1,23,-135, not_tired
n_535, 11,12,0,21,-129, not_tired
n_535, 14,12,0,37,-142, not_tired
n_536, 13,15,0,30,-150, not_tired
n_536, 11,12,0,26,-141, not_tired
n_536, 12,13,6,24,-141, not_tired
n_536, 11,13,0,21,-134, not_tired
n_536, 12,13,0,27,-138, not_tired
n_536, 12,12,0,29,-138, not_tired
n_536, 12,14,1,23,-141, not_tired
n_536, 12,13,1,17,-142, not_tired
n_536, 15,15,0,13,-148, not_tired
n_536, 11,12,0,9,-138, not_tired
n_537, 10,11,0,26,-133, not_tired
n_537, 10,11,0,36,-118, not_tired
n_537, 7,14,0,26,-135, not_tired
n_537, 10,13,0,17,-141, not_tired
n_537, 7,11,2,36,-144, not_tired
n_537, 9,11,0,28,-133, not_tired
n_537, 11,10,0,26,-134, not_tired
n_537, 11,13,0,7,-138, not_tired
n_537, 0,0,0,0,0, not_tired
n_537, 12,14,0,9,-142, not_tired
n_538, 11,11,5,21,-117, not_tired
n_538, 12,10,0,25,-135, not_tired
n_538, 10,12,0,19,-132, not_tired
n_538, 12,10,0,24,-131, not_tired
n_538, 13,12,0,22,-138, not_tired
n_538, 11,11,0,23,-127, not_tired
n_538, 11,10,1,22,-133, not_tired
n_538, 11,11,1,19,-133, not_tired
n_538, 11,12,0,23,-136, not_tired
n_538, 0,0,0,0,0, not_tired
n_539, 11,11,0,21,-128, not_tired
n_539, 10,11,0,28,-125, not_tired
n_539, 11,11,0,24,-131, not_tired
n_539, 11,12,14,23,-132, not_tired
n_539, 7,8,1,33,-142, not_tired
n_539, 10,11,5,28,-123, not_tired
n_539, 9,10,0,26,-125, not_tired
n_539, 11,11,17,21,-129, not_tired
n_539, 6,4,12,20,-134, not_tired
n_539, 10,10,1,19,-138, not_tired
n_54, 0,0,0,0,0, not_tired
n_54, 15,15,0,-23,-174, not_tired
n_54, 15,14,0,-34,-186, not_tired
n_54, 15,14,1,-37,-189, not_tired
n_54, 14,14,0,-33,-187, not_tired
n_54, 12,11,0,-40,-188, not_tired
n_54, 12,13,0,-39,-190, not_tired
n_54, 13,13,0,-40,-195, not_tired
n_54, 11,12,0,-37,-184, not_tired
n_54, 12,10,0,-32,-181, not_tired
n_540, 0,0,0,0,0, not_tired
n_540, 11,11,12,25,-129, not_tired
n_540, 11,10,0,25,-129, not_tired
n_540, 13,11,0,26,-134, not_tired
n_540, 10,11,0,28,-129, not_tired
n_540, 10,10,0,26,-122, not_tired
n_540, 12,12,1,26,-133, not_tired
n_540, 12,13,0,20,-135, not_tired
n_540, 10,9,0,36,-139, not_tired
n_540, 12,14,0,30,-138, not_tired
n_541, 10,11,0,31,-134, not_tired
n_541, 11,10,0,29,-127, not_tired
n_541, 11,12,1,28,-134, not_tired
n_541, 11,12,0,31,-127, not_tired
n_541, 13,15,0,20,-135, not_tired
n_541, 8,12,1,20,-142, not_tired
n_541, 0,0,0,0,0, not_tired
n_541, 0,0,0,0,0, not_tired
n_541, 0,0,0,0,0, not_tired
n_541, 12,12,0,15,-134, not_tired
n_542, 11,1,0,31,-126, not_tired
n_542, 9,14,1,13,-132, not_tired
n_542, 12,11,1,-7,-138, not_tired
n_542, 10,12,0,8,-137, not_tired
n_542, 12,11,0,18,-138, not_tired
n_542, 13,13,0,12,-144, not_tired
n_542, 15,15,1,-24,-149, not_tired
n_542, 10,12,1,11,-142, not_tired
n_542, 12,12,0,-6,-147, not_tired
n_542, 13,12,0,-31,-149, not_tired
n_543, 10,9,3,29,-115, not_tired
n_543, 9,12,0,18,-128, not_tired
n_543, 10,11,0,23,-122, not_tired
n_543, 7,6,1,25,-128, not_tired
n_543, 9,13,0,6,-129, not_tired
n_543, 7,12,0,29,-134, not_tired
n_543, 10,12,0,1,-112, not_tired
n_543, 7,4,0,26,-108, not_tired
n_543, 9,11,0,26,-111, not_tired
n_543, 9,10,0,24,-109, not_tired
n_544, 8,5,6,11,-121, not_tired
n_544, 12,13,0,20,-127, not_tired
n_544, 11,12,0,18,-127, not_tired
n_544, 11,10,1,24,-127, not_tired
n_544, 11,11,1,24,-134, not_tired
n_544, 11,11,0,22,-135, not_tired
n_544, 11,5,0,20,-135, not_tired
n_544, 11,12,0,16,-135, not_tired
n_544, 12,11,0,16,-133, not_tired
n_544, 11,12,0,17,-134, not_tired
n_545, 12,11,0,16,-128, not_tired
n_545, 10,11,9,18,-134, not_tired
n_545, 10,11,0,18,-133, not_tired
n_545, 9,8,17,22,-133, not_tired
n_545, 4,3,15,23,-132, not_tired
n_545, 9,11,16,20,-131, not_tired
n_545, 9,11,13,22,-132, not_tired
n_545, 11,11,0,28,-135, not_tired
n_545, 10,11,0,30,-138, not_tired
n_545, 11,12,0,24,-138, not_tired
n_546, 12,12,0,19,-139, not_tired
n_546, 11,12,0,21,-135, not_tired
n_546, 12,11,0,23,-136, not_tired
n_546, 12,11,0,23,-132, not_tired
n_546, 10,11,0,29,-122, not_tired
n_546, 12,11,0,25,-131, not_tired
n_546, 12,12,0,16,-133, not_tired
n_546, 10,12,0,21,-126, not_tired
n_546, 10,11,0,20,-126, not_tired
n_546, 12,11,0,20,-134, not_tired
n_547, 11,12,0,21,-131, not_tired
n_547, 10,10,0,20,-119, not_tired
n_547, 11,11,0,19,-127, not_tired
n_547, 11,12,0,16,-135, not_tired
n_547, 10,11,0,20,-129, not_tired
n_547, 11,12,0,20,-131, not_tired
n_547, 10,11,0,14,-135, not_tired
n_547, 8,7,0,28,-124, not_tired
n_547, 11,13,0,22,-130, not_tired
n_547, 11,12,0,24,-128, not_tired
n_548, 3,6,1,25,-122, not_tired
n_548, 10,11,0,24,-133, not_tired
n_548, 11,11,0,22,-132, not_tired
n_548, 11,11,0,24,-129, not_tired
n_548, 10,11,0,26,-132, not_tired
n_548, 10,11,0,24,-129, not_tired
n_548, 12,12,0,16,-133, not_tired
n_548, 11,10,0,17,-132, not_tired
n_548, 11,11,0,18,-128, not_tired
n_548, 11,11,0,21,-132, not_tired
n_549, 10,11,0,21,-132, not_tired
n_549, 10,12,0,13,-138, not_tired
n_549, 10,13,0,14,-136, not_tired
n_549, 8,12,0,19,-135, not_tired
n_549, 12,11,1,19,-134, not_tired
n_549, 12,13,0,16,-136, not_tired
n_549, 10,11,0,14,-132, not_tired
n_549, 10,11,0,13,-135, not_tired
n_549, 10,12,1,9,-138, not_tired
n_549, 13,12,0,15,-133, not_tired
n_55, 7,8,1,-15,-92, not_tired
n_55, 12,9,15,-20,-122, not_tired
n_55, 15,12,4,-18,-146, not_tired
n_55, 16,13,1,-17,-165, not_tired
n_55, 16,13,2,-21,-180, not_tired
n_55, 17,13,0,-17,-186, not_tired
n_55, 15,13,1,-22,-183, not_tired
n_55, 14,14,0,-18,-186, not_tired
n_55, 14,15,0,-20,-188, not_tired
n_55, 14,15,0,-22,-188, not_tired
n_550, 0,0,0,0,0, not_tired
n_550, 1,12,0,15,-135, not_tired
n_550, 12,12,0,18,-133, not_tired
n_550, 11,11,0,19,-135, not_tired
n_550, 8,9,0,14,-134, not_tired
n_550, 9,11,5,20,-138, not_tired
n_550, 11,13,0,16,-136, not_tired
n_550, 11,12,0,15,-134, not_tired
n_550, 8,11,1,20,-142, not_tired
n_550, 10,12,0,18,-137, not_tired
n_551, 2,9,8,20,-139, not_tired
n_551, 15,13,0,23,-132, not_tired
n_551, 12,12,10,20,-141, not_tired
n_551, 10,12,8,18,-138, not_tired
n_551, 12,13,0,32,-137, not_tired
n_551, 11,12,0,22,-137, not_tired
n_551, 5,10,0,25,-143, not_tired
n_551, 11,10,5,20,-136, not_tired
n_551, 11,11,13,21,-132, not_tired
n_551, 10,10,0,20,-136, not_tired
n_552, 13,11,18,18,-136, not_tired
n_552, 8,12,1,23,-133, not_tired
n_552, 11,11,1,20,-136, not_tired
n_552, 11,12,0,20,-135, not_tired
n_552, 6,8,0,23,-137, not_tired
n_552, 8,9,0,20,-131, not_tired
n_552, 8,12,0,21,-136, not_tired
n_552, 9,9,0,20,-136, not_tired
n_552, 10,11,0,21,-137, not_tired
n_552, 11,10,0,20,-139, not_tired
n_553, 2,6,0,19,-132, not_tired
n_553, 10,12,0,15,-137, not_tired
n_553, 10,12,0,19,-134, not_tired
n_553, 11,11,0,15,-138, not_tired
n_553, 10,12,13,20,-135, not_tired
n_553, 8,10,0,26,-137, not_tired
n_553, 9,12,0,22,-142, not_tired
n_553, 13,15,0,5,-140, not_tired
n_553, 9,11,0,8,-138, not_tired
n_553, 10,11,1,13,-133, not_tired
n_554, 0,0,0,0,0, not_tired
n_554, 13,17,1,28,-170, not_tired
n_554, 16,13,0,54,-181, not_tired
n_554, 0,0,0,0,0, not_tired
n_554, 16,15,6,9,-189, not_tired
n_554, 0,2,0,2,-195, not_tired
n_554, 0,0,0,0,0, not_tired
n_554, 0,0,0,0,0, not_tired
n_554, 3,0,7,-34,-172, not_tired
n_554, 9,8,1,-39,-171, not_tired
n_555, 9,8,2,-58,-153, not_tired
n_555, 1,1,0,-26,-170, not_tired
n_555, 15,15,0,14,-176, not_tired
n_555, 0,0,0,0,0, not_tired
n_555, 7,5,0,-15,-177, not_tired
n_555, 6,7,0,0,-175, not_tired
n_555, 0,0,0,0,0, not_tired
n_555, 0,0,0,0,0, not_tired
n_555, 12,11,1,-40,-149, not_tired
n_555, 10,9,0,-42,-169, not_tired
n_556, 15,21,1,-27,-172, not_tired
n_556, 13,16,0,-24,-171, not_tired
n_556, 15,16,0,-21,-162, not_tired
n_556, 14,16,0,-22,-159, not_tired
n_556, 14,14,0,-21,-162, not_tired
n_556, 2,3,0,-33,-166, not_tired
n_556, 14,15,0,-25,-149, not_tired
n_556, 15,15,0,-22,-158, not_tired
n_556, 14,15,0,-31,-161, not_tired
n_556, 14,14,1,-23,-159, not_tired
n_557, 12,15,0,-31,-151, not_tired
n_557, 14,14,0,-22,-153, not_tired
n_557, 12,14,0,-15,-156, not_tired
n_557, 14,15,0,-36,-169, not_tired
n_557, 13,13,1,-26,-162, not_tired
n_557, 14,15,0,-27,-158, not_tired
n_557, 1,6,11,-26,-156, not_tired
n_557, 14,15,16,-28,-158, not_tired
n_557, 12,16,10,-16,-155, not_tired
n_557, 14,17,7,-19,-167, not_tired
n_558, 0,3,0,-16,-151, not_tired
n_558, 12,15,0,-37,-148, not_tired
n_558, 16,16,0,-33,-164, not_tired
n_558, 14,16,0,-36,-157, not_tired
n_558, 14,11,0,-50,-156, not_tired
n_558, 16,17,0,-23,-157, not_tired
n_558, 15,13,0,-19,-161, not_tired
n_558, 13,16,0,8,-165, not_tired
n_558, 17,17,0,10,-162, not_tired
n_558, 15,17,0,7,-164, not_tired
n_559, 15,14,0,-38,-158, not_tired
n_559, 12,10,0,-56,-155, not_tired
n_559, 12,9,1,-60,-153, not_tired
n_559, 17,15,0,-35,-164, not_tired
n_559, 16,16,0,-31,-160, not_tired
n_559, 16,16,1,-33,-159, not_tired
n_559, 15,15,0,-29,-161, not_tired
n_559, 16,16,0,-30,-158, not_tired
n_559, 15,16,0,-21,-161, not_tired
n_559, 17,15,2,-24,-156, not_tired
n_56, 0,0,0,0,0, not_tired
n_56, 14,12,0,-22,-179, not_tired
n_56, 12,8,0,-19,-185, not_tired
n_56, 14,12,0,-10,-183, not_tired
n_56, 4,2,0,-12,-180, not_tired
n_56, 10,15,0,31,-189, not_tired
n_56, 12,12,1,-30,-187, not_tired
n_56, 7,2,0,19,-193, not_tired
n_56, 12,12,0,-35,-183, not_tired
n_56, 14,12,0,-50,-189, not_tired
n_560, 0,0,0,0,0, not_tired
n_560, 14,16,0,-46,-155, not_tired
n_560, 17,15,0,-38,-160, not_tired
n_560, 14,14,0,-40,-161, not_tired
n_560, 16,17,0,-25,-162, not_tired
n_560, 16,17,0,-19,-160, not_tired
n_560, 15,16,0,-22,-160, not_tired
n_560, 11,11,0,-27,-158, not_tired
n_560, 14,16,0,-28,-157, not_tired
n_560, 1,1,0,-28,-152, not_tired
n_561, 14,16,0,-30,-176, not_tired
n_561, 14,16,0,-23,-159, not_tired
n_561, 13,14,0,-25,-172, not_tired
n_561, 12,11,24,-24,-158, not_tired
n_561, 11,13,13,-29,-151, not_tired
n_561, 14,14,0,-25,-162, not_tired
n_561, 12,14,0,-38,-153, not_tired
n_561, 13,14,0,-37,-151, not_tired
n_561, 0,0,0,0,0, not_tired
n_561, 11,3,1,-41,-127, not_tired
n_562, 0,0,0,0,0, not_tired
n_562, 13,5,0,-24,-140, not_tired
n_562, 13,6,4,-25,-153, not_tired
n_562, 15,13,9,-6,-159, not_tired
n_562, 14,14,9,-11,-156, not_tired
n_562, 13,16,14,-19,-155, not_tired
n_562, 8,8,14,-45,-158, not_tired
n_562, 14,15,17,-23,-153, not_tired
n_562, 13,15,1,-22,-157, not_tired
n_562, 12,13,0,-19,-150, not_tired
n_563, 14,15,1,-23,-153, not_tired
n_563, 14,15,0,-24,-158, not_tired
n_563, 13,14,1,-28,-156, not_tired
n_563, 7,9,0,-23,-153, not_tired
n_563, 14,16,0,-22,-154, not_tired
n_563, 13,14,0,-24,-158, not_tired
n_563, 11,13,0,-21,-157, not_tired
n_563, 14,16,0,-14,-156, not_tired
n_563, 17,18,0,-12,-158, not_tired
n_563, 13,16,1,-28,-150, not_tired
n_564, 14,17,1,-24,-149, not_tired
n_564, 13,15,0,-26,-147, not_tired
n_564, 13,16,0,-27,-147, not_tired
n_564, 17,18,0,-28,-148, not_tired
n_564, 12,14,0,-19,-150, not_tired
n_564, 14,15,0,-9,-150, not_tired
n_564, 13,16,0,-27,-150, not_tired
n_564, 13,13,0,-35,-148, not_tired
n_564, 12,14,0,-30,-149, not_tired
n_564, 11,15,0,-28,-149, not_tired
n_565, 4,10,1,-25,-153, not_tired
n_565, 15,15,0,-26,-151, not_tired
n_565, 15,15,1,-26,-157, not_tired
n_565, 14,14,0,-21,-155, not_tired
n_565, 12,14,0,-34,-142, not_tired
n_565, 13,15,0,-35,-144, not_tired
n_565, 7,10,1,-49,-145, not_tired
n_565, 13,15,0,-35,-153, not_tired
n_565, 14,16,0,-33,-153, not_tired
n_565, 14,15,0,-31,-150, not_tired
n_566, 14,16,0,-31,-148, not_tired
n_566, 12,16,0,-31,-147, not_tired
n_566, 12,15,1,-28,-154, not_tired
n_566, 13,14,0,-27,-152, not_tired
n_566, 12,15,0,-31,-155, not_tired
n_566, 14,16,0,-32,-150, not_tired
n_566, 14,16,0,-29,-148, not_tired
n_566, 6,10,0,-35,-147, not_tired
n_566, 13,14,0,-32,-148, not_tired
n_566, 12,15,0,-30,-143, not_tired
n_567, 13,14,0,-39,-137, not_tired
n_567, 15,16,0,-27,-153, not_tired
n_567, 10,11,1,-33,-144, not_tired
n_567, 13,14,0,-28,-147, not_tired
n_567, 12,16,1,-22,-145, not_tired
n_567, 14,14,0,-26,-144, not_tired
n_567, 15,13,1,-14,-160, not_tired
n_567, 14,15,0,-27,-154, not_tired
n_567, 14,15,0,-30,-157, not_tired
n_567, 15,16,0,-29,-163, not_tired
n_568, 14,15,0,-31,-153, not_tired
n_568, 13,15,0,-35,-155, not_tired
n_568, 13,16,0,-29,-156, not_tired
n_568, 13,15,0,-40,-148, not_tired
n_568, 13,15,0,-37,-141, not_tired
n_568, 11,12,0,-33,-145, not_tired
n_568, 15,16,0,-26,-154, not_tired
n_568, 13,13,0,-34,-150, not_tired
n_568, 15,14,1,-27,-160, not_tired
n_568, 15,15,0,-20,-166, not_tired
n_569, 15,18,0,-23,-162, not_tired
n_569, 14,15,0,-27,-167, not_tired
n_569, 14,17,0,-23,-160, not_tired
n_569, 14,16,0,-29,-163, not_tired
n_569, 7,11,0,-23,-163, not_tired
n_569, 15,15,0,-25,-164, not_tired
n_569, 13,16,0,-23,-159, not_tired
n_569, 14,15,0,-25,-159, not_tired
n_569, 14,14,0,-28,-156, not_tired
n_569, 13,13,0,-35,-158, not_tired
n_57, 0,0,0,0,0, not_tired
n_57, 15,14,9,-13,-184, not_tired
n_57, 15,15,2,-17,-193, not_tired
n_57, 14,12,1,-23,-180, not_tired
n_57, 15,12,0,-23,-176, not_tired
n_57, 14,11,10,-27,-167, not_tired
n_57, 13,11,6,-27,-178, not_tired
n_57, 13,11,0,-32,-173, not_tired
n_57, 12,9,0,-14,-177, not_tired
n_57, 13,10,0,-36,-181, not_tired
n_570, 0,0,0,0,0, not_tired
n_570, 14,15,1,-24,-160, not_tired
n_570, 14,15,0,-15,-156, not_tired
n_570, 14,15,0,-26,-155, not_tired
n_570, 14,17,0,-20,-154, not_tired
n_570, 12,14,0,-28,-152, not_tired
n_570, 16,15,1,-30,-157, not_tired
n_570, 14,16,0,-26,-157, not_tired
n_570, 12,12,0,-30,-154, not_tired
n_570, 14,16,0,-28,-157, not_tired
n_571, 13,15,0,-29,-158, not_tired
n_571, 18,18,0,-21,-158, not_tired
n_571, 15,16,1,-27,-149, not_tired
n_571, 14,16,1,-25,-158, not_tired
n_571, 14,15,0,-28,-158, not_tired
n_571, 11,15,0,-34,-154, not_tired
n_571, 12,16,0,-31,-150, not_tired
n_571, 13,14,0,-25,-150, not_tired
n_571, 15,14,0,-23,-151, not_tired
n_571, 15,15,0,-27,-155, not_tired
n_572, 14,15,1,-26,-150, not_tired
n_572, 12,14,7,-24,-152, not_tired
n_572, 13,15,14,-24,-150, not_tired
n_572, 14,13,13,-21,-151, not_tired
n_572, 14,17,5,-14,-151, not_tired
n_572, 14,16,14,-12,-152, not_tired
n_572, 15,16,6,-9,-152, not_tired
n_572, 10,3,2,-11,-153, not_tired
n_572, 7,5,1,5,-164, not_tired
n_572, 13,14,0,-9,-155, not_tired
n_573, 12,15,0,-29,-151, not_tired
n_573, 11,15,0,-16,-148, not_tired
n_573, 1,6,0,1,-160, not_tired
n_573, 13,15,1,-19,-153, not_tired
n_573, 11,12,0,-16,-152, not_tired
n_573, 13,14,1,-21,-152, not_tired
n_573, 13,13,0,-22,-152, not_tired
n_573, 14,15,0,-28,-154, not_tired
n_573, 15,14,1,-29,-152, not_tired
n_573, 10,12,0,-31,-149, not_tired
n_574, 13,13,0,-26,-151, not_tired
n_574, 12,13,0,-29,-156, not_tired
n_574, 15,13,0,-25,-154, not_tired
n_574, 14,15,0,-24,-151, not_tired
n_574, 13,14,0,-23,-158, not_tired
n_574, 15,15,17,-23,-158, not_tired
n_574, 15,15,14,-14,-151, not_tired
n_574, 12,14,1,-26,-142, not_tired
n_574, 15,15,5,-31,-154, not_tired
n_574, 14,13,10,-29,-159, not_tired
n_575, 13,15,6,-26,-152, not_tired
n_575, 13,14,5,-33,-146, not_tired
n_575, 13,13,2,-33,-142, not_tired
n_575, 13,13,1,-25,-152, not_tired
n_575, 13,14,3,-31,-140, not_tired
n_575, 12,13,0,-33,-144, not_tired
n_575, 12,13,0,-28,-139, not_tired
n_575, 11,13,0,-30,-137, not_tired
n_575, 14,15,0,-17,-161, not_tired
n_575, 15,14,0,-17,-173, not_tired
n_576, 14,14,0,-19,-159, not_tired
n_576, 13,14,0,-25,-155, not_tired
n_576, 14,15,0,-20,-157, not_tired
n_576, 13,14,0,-25,-150, not_tired
n_576, 2,8,0,-21,-151, not_tired
n_576, 12,14,0,-23,-154, not_tired
n_576, 14,14,0,-25,-149, not_tired
n_576, 16,17,0,-16,-158, not_tired
n_576, 16,16,1,-14,-154, not_tired
n_576, 13,14,1,-19,-154, not_tired
n_577, 9,11,0,-8,-152, not_tired
n_577, 13,14,0,-21,-154, not_tired
n_577, 16,17,0,-16,-162, not_tired
n_577, 13,15,0,-26,-160, not_tired
n_577, 13,13,0,-31,-147, not_tired
n_577, 14,15,0,-23,-151, not_tired
n_577, 13,15,0,-22,-148, not_tired
n_577, 13,12,1,-29,-141, not_tired
n_577, 15,16,0,-27,-147, not_tired
n_577, 13,15,0,-39,-160, not_tired
n_578, 11,12,0,-39,-157, not_tired
n_578, 12,15,1,-43,-165, not_tired
n_578, 15,15,0,-26,-158, not_tired
n_578, 0,1,0,-29,-155, not_tired
n_578, 16,14,0,-29,-162, not_tired
n_578, 14,15,0,-27,-158, not_tired
n_578, 14,16,0,-25,-157, not_tired
n_578, 1,1,0,-26,-157, not_tired
n_578, 14,14,0,-24,-157, not_tired
n_578, 13,14,0,-24,-155, not_tired
n_579, 13,14,10,-21,-162, not_tired
n_579, 13,19,9,-25,-154, not_tired
n_579, 12,15,5,-22,-152, not_tired
n_579, 13,14,1,-27,-146, not_tired
n_579, 15,14,0,-28,-150, not_tired
n_579, 13,14,1,-35,-151, not_tired
n_579, 8,9,0,-53,-149, not_tired
n_579, 13,15,15,-31,-148, not_tired
n_579, 14,16,10,-28,-152, not_tired
n_579, 11,10,1,-51,-152, not_tired
n_58, 0,0,0,0,0, not_tired
n_58, 15,13,1,-36,-187, not_tired
n_58, 15,14,2,-40,-187, not_tired
n_58, 16,13,0,-39,-189, not_tired
n_58, 16,13,0,-25,-189, not_tired
n_58, 12,12,1,-40,-186, not_tired
n_58, 12,12,0,-38,-189, not_tired
n_58, 11,12,0,-29,-185, not_tired
n_58, 12,12,0,-31,-181, not_tired
n_58, 15,14,0,-33,-188, not_tired
n_580, 0,0,0,0,0, not_tired
n_580, 13,15,0,-27,-162, not_tired
n_580, 14,14,0,-23,-158, not_tired
n_580, 14,15,3,-27,-153, not_tired
n_580, 15,14,7,-17,-157, not_tired
n_580, 14,15,4,-20,-156, not_tired
n_580, 0,2,12,-28,-153, not_tired
n_580, 14,14,1,-23,-157, not_tired
n_580, 14,16,11,-23,-160, not_tired
n_580, 14,14,6,-18,-158, not_tired
n_581, 13,15,1,-21,-151, not_tired
n_581, 13,13,0,1,-162, not_tired
n_581, 15,14,0,-17,-152, not_tired
n_581, 10,13,0,9,-164, not_tired
n_581, 14,14,0,-22,-152, not_tired
n_581, 14,14,1,-33,-143, not_tired
n_581, 13,14,0,-29,-142, not_tired
n_581, 15,18,0,-24,-152, not_tired
n_581, 14,14,0,-23,-149, not_tired
n_581, 14,14,0,-29,-147, not_tired
n_582, 13,15,0,-27,-149, not_tired
n_582, 12,13,0,-34,-146, not_tired
n_582, 13,15,0,-42,-153, not_tired
n_582, 12,13,0,-42,-146, not_tired
n_582, 14,14,0,-29,-153, not_tired
n_582, 13,15,0,-32,-149, not_tired
n_582, 13,15,0,-10,-154, not_tired
n_582, 13,13,0,-26,-148, not_tired
n_582, 17,13,0,-9,-153, not_tired
n_582, 15,11,0,-20,-150, not_tired
n_583, 15,14,0,-18,-152, not_tired
n_583, 16,14,0,-5,-160, not_tired
n_583, 16,15,0,-20,-163, not_tired
n_583, 11,9,0,-15,-167, not_tired
n_583, 16,15,0,-20,-166, not_tired
n_583, 15,14,1,-18,-164, not_tired
n_583, 17,17,0,-17,-158, not_tired
n_583, 14,14,0,-31,-161, not_tired
n_583, 15,15,0,-26,-159, not_tired
n_583, 15,15,0,-17,-164, not_tired
n_584, 4,2,0,-19,-157, not_tired
n_584, 15,14,0,-19,-160, not_tired
n_584, 4,6,0,-22,-151, not_tired
n_584, 15,16,0,-19,-147, not_tired
n_584, 10,12,0,-28,-155, not_tired
n_584, 11,11,0,-29,-149, not_tired
n_584, 13,15,0,-33,-143, not_tired
n_584, 15,14,0,-28,-146, not_tired
n_584, 14,16,0,-34,-144, not_tired
n_584, 11,11,0,-40,-153, not_tired
n_585, 12,15,0,-32,-153, not_tired
n_585, 13,16,1,-31,-148, not_tired
n_585, 13,15,0,-41,-133, not_tired
n_585, 12,13,0,-35,-137, not_tired
n_585, 13,14,0,-30,-151, not_tired
n_585, 13,15,0,-27,-156, not_tired
n_585, 13,14,0,-28,-141, not_tired
n_585, 12,14,1,-31,-147, not_tired
n_585, 13,13,0,-27,-155, not_tired
n_585, 14,15,1,-22,-159, not_tired
n_586, 17,17,0,-26,-155, not_tired
n_586, 13,13,1,-26,-155, not_tired
n_586, 13,13,0,-22,-152, not_tired
n_586, 15,16,0,-22,-147, not_tired
n_586, 14,14,0,-29,-147, not_tired
n_586, 15,14,1,-24,-166, not_tired
n_586, 14,16,0,-21,-163, not_tired
n_586, 15,14,0,-19,-161, not_tired
n_586, 14,13,0,-21,-157, not_tired
n_586, 14,15,0,-30,-156, not_tired
n_587, 15,15,0,-24,-162, not_tired
n_587, 12,13,0,-29,-157, not_tired
n_587, 14,14,0,-27,-156, not_tired
n_587, 12,13,0,-24,-155, not_tired
n_587, 13,11,0,-26,-152, not_tired
n_587, 13,15,0,-22,-158, not_tired
n_587, 14,15,0,-30,-163, not_tired
n_587, 15,15,0,-29,-166, not_tired
n_587, 14,15,0,-26,-161, not_tired
n_587, 14,15,0,-27,-155, not_tired
n_588, 13,14,0,-27,-153, not_tired
n_588, 14,15,0,-26,-154, not_tired
n_588, 13,13,0,-26,-149, not_tired
n_588, 14,15,0,-20,-159, not_tired
n_588, 13,15,0,-25,-152, not_tired
n_588, 12,15,1,-42,-145, not_tired
n_588, 13,13,1,-35,-155, not_tired
n_588, 13,15,0,-32,-149, not_tired
n_588, 12,14,0,-28,-158, not_tired
n_588, 14,13,0,-26,-156, not_tired
n_589, 13,15,0,-21,-158, not_tired
n_589, 9,11,0,-34,-152, not_tired
n_589, 11,13,0,-41,-146, not_tired
n_589, 14,15,0,-36,-146, not_tired
n_589, 15,16,1,-41,-154, not_tired
n_589, 14,13,0,-39,-166, not_tired
n_589, 11,11,0,-51,-152, not_tired
n_589, 16,15,0,-38,-162, not_tired
n_589, 15,15,0,-2,-175, not_tired
n_589, 16,16,0,-9,-164, not_tired
n_59, 0,0,0,0,0, not_tired
n_59, 15,11,0,-32,-179, not_tired
n_59, 14,12,0,-35,-184, not_tired
n_59, 12,12,1,-48,-183, not_tired
n_59, 0,0,0,0,0, not_tired
n_59, 17,16,0,-22,-189, not_tired
n_59, 15,13,0,-29,-185, not_tired
n_59, 13,14,0,-21,-187, not_tired
n_59, 15,12,0,-26,-191, not_tired
n_59, 16,11,5,-13,-190, not_tired
n_590, 0,0,0,0,0, not_tired
n_590, 12,8,1,-33,-151, not_tired
n_590, 12,16,0,-35,-172, not_tired
n_590, 14,16,1,-22,-159, not_tired
n_590, 15,15,0,-21,-162, not_tired
n_590, 15,14,0,-21,-160, not_tired
n_590, 13,15,1,-35,-161, not_tired
n_590, 15,13,0,-24,-160, not_tired
n_590, 15,16,0,-21,-160, not_tired
n_590, 14,14,0,-21,-156, not_tired
n_591, 15,16,0,-21,-162, not_tired
n_591, 10,12,0,-25,-157, not_tired
n_591, 8,11,1,-22,-163, not_tired
n_591, 16,15,0,-26,-157, not_tired
n_591, 15,15,1,-28,-154, not_tired
n_591, 6,13,1,-46,-166, not_tired
n_591, 15,16,0,-22,-161, not_tired
n_591, 14,16,3,-20,-157, not_tired
n_591, 14,15,7,-20,-157, not_tired
n_591, 12,15,6,-20,-154, not_tired
n_592, 12,15,1,-21,-155, not_tired
n_592, 13,15,0,-12,-157, not_tired
n_592, 12,14,11,-10,-156, not_tired
n_592, 11,13,17,-15,-151, not_tired
n_592, 10,14,14,-9,-153, not_tired
n_592, 11,13,10,-14,-147, not_tired
n_592, 10,11,11,-16,-150, not_tired
n_592, 12,14,1,-14,-157, not_tired
n_592, 13,14,1,-14,-156, not_tired
n_592, 13,14,0,-18,-151, not_tired
n_593, 13,13,0,-19,-152, not_tired
n_593, 12,14,0,-26,-147, not_tired
n_593, 14,14,0,-23,-151, not_tired
n_593, 13,16,0,-22,-160, not_tired
n_593, 6,7,1,-14,-171, not_tired
n_593, 3,4,0,-21,-164, not_tired
n_593, 17,16,0,-7,-168, not_tired
n_593, 15,15,0,-16,-158, not_tired
n_593, 8,9,1,-14,-158, not_tired
n_593, 13,14,0,-23,-156, not_tired
n_594, 14,17,0,-17,-153, not_tired
n_594, 12,13,1,-37,-148, not_tired
n_594, 11,12,0,-32,-140, not_tired
n_594, 13,13,8,-31,-145, not_tired
n_594, 13,15,5,-24,-147, not_tired
n_594, 4,8,9,-26,-152, not_tired
n_594, 13,16,2,-19,-153, not_tired
n_594, 1,1,0,-21,-149, not_tired
n_594, 16,17,0,-16,-157, not_tired
n_594, 15,14,0,-13,-158, not_tired
n_595, 0,2,0,-23,-162, not_tired
n_595, 15,12,0,-32,-158, not_tired
n_595, 13,17,1,-46,-154, not_tired
n_595, 14,14,0,-40,-155, not_tired
n_595, 15,14,0,-28,-164, not_tired
n_595, 13,14,0,-21,-168, not_tired
n_595, 14,16,0,-24,-169, not_tired
n_595, 14,14,1,-26,-165, not_tired
n_595, 15,15,1,-8,-177, not_tired
n_595, 14,15,0,-20,-164, not_tired
n_596, 0,0,0,0,0, not_tired
n_596, 19,17,18,-21,-169, not_tired
n_596, 15,15,15,-41,-166, not_tired
n_596, 20,18,15,-23,-181, not_tired
n_596, 21,18,4,-22,-175, not_tired
n_596, 14,9,2,-46,-169, not_tired
n_596, 18,18,18,-19,-169, not_tired
n_596, 5,5,0,-33,-161, not_tired
n_596, 0,0,0,0,0, not_tired
n_596, 21,20,2,19,-162, not_tired
n_597, 18,19,18,-22,-163, not_tired
n_597, 22,19,13,46,-174, not_tired
n_597, 2,2,9,33,-174, not_tired
n_597, 6,3,1,-22,-168, not_tired
n_597, 21,19,10,54,-176, not_tired
n_597, 23,19,10,48,-176, not_tired
n_597, 16,13,3,-31,-173, not_tired
n_597, 0,0,0,0,0, not_tired
n_597, 15,10,12,-37,-156, not_tired
n_597, 16,17,16,-17,-163, not_tired
n_598, 17,16,14,-3,-165, not_tired
n_598, 11,11,0,-24,-163, not_tired
n_598, 6,9,1,-19,-173, not_tired
n_598, 15,13,0,-21,-172, not_tired
n_598, 5,4,0,-19,-168, not_tired
n_598, 14,17,0,-47,-164, not_tired
n_598, 17,18,0,-37,-165, not_tired
n_598, 16,18,0,-43,-167, not_tired
n_598, 17,15,0,-42,-168, not_tired
n_598, 17,19,0,-38,-171, not_tired
n_599, 17,17,14,-12,-178, not_tired
n_599, 18,16,11,-20,-176, not_tired
n_599, 2,6,0,-18,-171, not_tired
n_599, 19,18,18,-13,-169, not_tired
n_599, 16,15,9,-50,-164, not_tired
n_599, 17,12,1,-67,-160, not_tired
n_599, 17,10,2,-61,-146, not_tired
n_599, 10,11,6,-47,-162, not_tired
n_599, 15,11,1,-71,-148, not_tired
n_599, 12,6,2,-55,-158, not_tired
n_6, 0,0,0,0,0, not_tired
n_6, 18,17,0,-3,-233, not_tired
n_6, 0,0,0,0,0, not_tired
n_6, 14,13,2,-49,-174, not_tired
n_6, 16,12,0,-39,-173, not_tired
n_6, 12,12,1,-68,-171, not_tired
n_6, 14,12,0,-59,-180, not_tired
n_6, 0,0,0,0,0, not_tired
n_6, 16,13,1,-24,-196, not_tired
n_6, 18,18,1,-14,-210, not_tired
n_60, 0,0,0,0,0, not_tired
n_60, 13,11,9,-8,-181, not_tired
n_60, 11,10,0,-16,-182, not_tired
n_60, 13,11,0,-21,-188, not_tired
n_60, 3,2,7,-19,-179, not_tired
n_60, 12,10,3,-26,-185, not_tired
n_60, 13,9,3,-17,-172, not_tired
n_60, 8,8,3,-18,-165, not_tired
n_60, 13,10,0,4,-182, not_tired
n_60, 11,11,0,-57,-162, not_tired
n_600, 0,0,0,0,0, not_tired
n_600, 12,9,1,-59,-146, not_tired
n_600, 11,8,3,-42,-159, not_tired
n_600, 0,0,0,0,0, not_tired
n_600, 0,0,0,0,0, not_tired
n_600, 17,19,13,-7,-165, not_tired
n_600, 15,10,5,-58,-167, not_tired
n_600, 19,18,5,-23,-178, not_tired
n_600, 18,16,7,-39,-167, not_tired
n_600, 15,13,8,-32,-169, not_tired
n_601, 16,18,4,-40,-174, not_tired
n_601, 16,9,4,-49,-161, not_tired
n_601, 19,17,5,-17,-173, not_tired
n_601, 18,18,0,-31,-169, not_tired
n_601, 16,15,13,-28,-165, not_tired
n_601, 17,16,16,-36,-154, not_tired
n_601, 16,15,15,-39,-163, not_tired
n_601, 7,5,4,-47,-160, not_tired
n_601, 15,10,2,-58,-165, not_tired
n_601, 14,20,0,-69,-157, not_tired
n_602, 18,17,0,-25,-174, not_tired
n_602, 18,17,0,-11,-167, not_tired
n_602, 17,10,0,-19,-159, not_tired
n_602, 13,13,10,-16,-151, not_tired
n_602, 16,16,1,-44,-159, not_tired
n_602, 16,17,18,-49,-155, not_tired
n_602, 17,18,20,-39,-159, not_tired
n_602, 12,6,22,-29,-168, not_tired
n_602, 17,17,25,-39,-165, not_tired
n_602, 16,15,20,-50,-160, not_tired
n_603, 16,17,19,-45,-162, not_tired
n_603, 17,17,20,-45,-161, not_tired
n_603, 16,15,17,-44,-156, not_tired
n_603, 19,16,14,-35,-159, not_tired
n_603, 16,14,12,-27,-164, not_tired
n_603, 16,13,0,-15,-158, not_tired
n_603, 17,14,11,-12,-158, not_tired
n_603, 8,10,1,-18,-159, not_tired
n_603, 16,15,0,-17,-162, not_tired
n_603, 17,15,0,-14,-168, not_tired
n_604, 19,16,0,-25,-159, not_tired
n_604, 18,13,0,-20,-160, not_tired
n_604, 16,15,0,-30,-161, not_tired
n_604, 7,5,0,-42,-153, not_tired
n_604, 18,17,1,-40,-163, not_tired
n_604, 9,3,0,-39,-159, not_tired
n_604, 11,13,0,-30,-172, not_tired
n_604, 17,19,0,-31,-177, not_tired
n_604, 15,15,0,-33,-175, not_tired
n_604, 17,17,1,-27,-174, not_tired
n_605, 17,17,0,-27,-175, not_tired
n_605, 8,5,1,-17,-174, not_tired
n_605, 6,1,0,6,-194, not_tired
n_605, 20,19,0,-10,-188, not_tired
n_605, 21,19,0,-13,-192, not_tired
n_605, 15,13,0,-11,-183, not_tired
n_605, 13,14,0,-11,-182, not_tired
n_605, 20,20,0,-13,-187, not_tired
n_605, 8,2,15,-17,-179, not_tired
n_605, 18,18,18,-20,-178, not_tired
n_606, 18,18,18,-23,-181, not_tired
n_606, 15,13,17,-23,-177, not_tired
n_606, 18,18,17,-23,-180, not_tired
n_606, 19,18,18,-23,-179, not_tired
n_606, 18,18,17,-23,-180, not_tired
n_606, 5,10,17,-27,-177, not_tired
n_606, 20,18,9,-14,-164, not_tired
n_606, 22,17,1,-13,-168, not_tired
n_606, 17,16,1,-7,-165, not_tired
n_606, 6,4,0,-44,-161, not_tired
n_607, 15,16,0,-51,-176, not_tired
n_607, 16,17,0,-44,-174, not_tired
n_607, 14,14,0,-37,-185, not_tired
n_607, 18,19,18,-37,-170, not_tired
n_607, 16,15,18,-37,-173, not_tired
n_607, 14,7,21,-73,-158, not_tired
n_607, 18,16,1,-36,-164, not_tired
n_607, 11,4,0,-31,-159, not_tired
n_607, 9,4,0,-59,-161, not_tired
n_607, 18,16,0,-28,-170, not_tired
n_608, 18,18,0,-27,-171, not_tired
n_608, 14,12,0,-60,-161, not_tired
n_608, 20,16,0,-8,-165, not_tired
n_608, 13,13,19,-18,-157, not_tired
n_608, 16,12,30,-31,-162, not_tired
n_608, 10,8,29,-40,-158, not_tired
n_608, 16,14,33,-42,-164, not_tired
n_608, 16,15,28,-43,-165, not_tired
n_608, 1,2,0,-53,-159, not_tired
n_608, 14,13,12,-37,-171, not_tired
n_609, 17,15,18,-11,-164, not_tired
n_609, 18,17,6,-46,-168, not_tired
n_609, 17,16,0,-37,-170, not_tired
n_609, 13,10,1,-19,-165, not_tired
n_609, 18,15,1,-36,-166, not_tired
n_609, 15,15,0,-49,-167, not_tired
n_609, 4,3,1,-49,-163, not_tired
n_609, 10,13,1,-63,-164, not_tired
n_609, 11,13,0,-66,-165, not_tired
n_609, 1,3,0,-54,-161, not_tired
n_61, 0,0,0,0,0, not_tired
n_61, 9,11,21,-52,-159, not_tired
n_61, 14,12,1,-61,-146, not_tired
n_61, 11,13,0,-37,-160, not_tired
n_61, 9,7,0,4,-165, not_tired
n_61, 15,8,2,17,-164, not_tired
n_61, 0,0,0,0,0, not_tired
n_61, 11,7,1,-51,-150, not_tired
n_61, 9,11,1,-39,-160, not_tired
n_61, 12,12,2,-39,-162, not_tired
n_610, 0,0,0,0,0, not_tired
n_610, 14,17,1,-59,-166, not_tired
n_610, 17,17,0,-54,-166, not_tired
n_610, 15,15,0,-38,-165, not_tired
n_610, 17,14,21,-18,-163, not_tired
n_610, 16,15,21,-31,-164, not_tired
n_610, 16,16,29,-32,-168, not_tired
n_610, 11,9,19,-34,-154, not_tired
n_610, 16,14,4,-35,-156, not_tired
n_610, 15,14,26,-42,-149, not_tired
n_611, 14,13,25,-35,-153, not_tired
n_611, 15,16,24,-40,-160, not_tired
n_611, 5,3,19,-31,-160, not_tired
n_611, 17,14,14,-15,-162, not_tired
n_611, 16,14,13,-16,-163, not_tired
n_611, 12,12,9,-13,-156, not_tired
n_611, 17,15,8,-36,-166, not_tired
n_611, 14,19,4,-67,-166, not_tired
n_611, 9,2,0,-32,-184, not_tired
n_611, 18,18,7,-43,-153, not_tired
n_612, 16,17,0,-45,-166, not_tired
n_612, 16,18,6,-44,-165, not_tired
n_612, 17,16,4,-47,-167, not_tired
n_612, 14,10,6,-48,-164, not_tired
n_612, 14,15,9,-53,-161, not_tired
n_612, 3,5,9,-13,-173, not_tired
n_612, 16,16,8,-44,-164, not_tired
n_612, 18,16,8,-33,-160, not_tired
n_612, 7,4,4,-11,-173, not_tired
n_612, 17,18,4,-46,-167, not_tired
n_613, 16,17,2,-58,-162, not_tired
n_613, 16,15,0,-51,-165, not_tired
n_613, 15,14,0,-50,-160, not_tired
n_613, 11,9,0,-51,-157, not_tired
n_613, 15,14,0,-52,-155, not_tired
n_613, 17,14,0,-42,-159, not_tired
n_613, 15,13,0,-40,-157, not_tired
n_613, 17,17,1,-6,-171, not_tired
n_613, 16,15,0,-30,-165, not_tired
n_613, 16,14,1,-37,-168, not_tired
n_614, 14,12,1,-48,-161, not_tired
n_614, 10,12,1,-51,-164, not_tired
n_614, 17,15,0,-42,-163, not_tired
n_614, 17,16,0,-47,-162, not_tired
n_614, 16,16,16,-46,-164, not_tired
n_614, 17,15,1,-47,-161, not_tired
n_614, 16,16,1,-48,-166, not_tired
n_614, 17,15,0,-47,-164, not_tired
n_614, 17,15,1,-46,-164, not_tired
n_614, 16,14,1,-47,-165, not_tired
n_615, 16,15,1,-41,-166, not_tired
n_615, 16,17,0,-44,-167, not_tired
n_615, 16,16,1,-43,-167, not_tired
n_615, 16,16,0,-46,-164, not_tired
n_615, 16,12,1,-45,-165, not_tired
n_615, 17,18,0,-44,-165, not_tired
n_615, 12,10,0,-44,-163, not_tired
n_615, 17,14,0,-39,-170, not_tired
n_615, 19,17,1,-27,-164, not_tired
n_615, 18,11,0,-11,-157, not_tired
n_616, 15,15,0,-51,-164, not_tired
n_616, 18,17,0,-39,-171, not_tired
n_616, 18,16,0,-31,-167, not_tired
n_616, 16,10,1,-34,-156, not_tired
n_616, 19,14,0,-9,-157, not_tired
n_616, 17,14,0,-21,-161, not_tired
n_616, 19,19,0,-3,-163, not_tired
n_616, 18,18,21,-20,-172, not_tired
n_616, 12,12,20,-25,-174, not_tired
n_616, 16,18,33,-36,-178, not_tired
n_617, 18,16,22,-35,-173, not_tired
n_617, 15,12,13,-42,-158, not_tired
n_617, 16,13,0,-38,-164, not_tired
n_617, 16,14,0,-38,-161, not_tired
n_617, 15,15,1,-37,-163, not_tired
n_617, 13,14,5,-37,-158, not_tired
n_617, 18,17,0,-22,-162, not_tired
n_617, 18,15,0,-26,-162, not_tired
n_617, 19,15,0,-24,-162, not_tired
n_617, 10,11,0,-25,-169, not_tired
n_618, 16,21,0,-56,-162, not_tired
n_618, 14,16,0,-48,-168, not_tired
n_618, 18,16,1,-38,-173, not_tired
n_618, 15,19,0,-53,-169, not_tired
n_618, 12,11,1,-59,-172, not_tired
n_618, 19,16,8,-27,-172, not_tired
n_618, 19,19,14,-36,-171, not_tired
n_618, 17,18,0,-46,-165, not_tired
n_618, 18,17,0,-44,-166, not_tired
n_618, 17,14,0,-32,-169, not_tired
n_619, 19,16,0,-16,-163, not_tired
n_619, 18,15,1,-23,-172, not_tired
n_619, 4,5,0,-21,-171, not_tired
n_619, 15,9,2,-26,-165, not_tired
n_619, 17,14,0,-24,-160, not_tired
n_619, 17,16,18,-25,-166, not_tired
n_619, 4,7,20,-9,-166, not_tired
n_619, 14,17,26,10,-169, not_tired
n_619, 16,18,25,9,-170, not_tired
n_619, 15,16,24,8,-170, not_tired
n_62, 0,0,0,0,0, not_tired
n_62, 12,14,2,-46,-156, not_tired
n_62, 14,9,1,-38,-158, not_tired
n_62, 14,11,1,-35,-160, not_tired
n_62, 13,12,1,-39,-166, not_tired
n_62, 14,11,1,-28,-165, not_tired
n_62, 13,10,1,-32,-168, not_tired
n_62, 12,10,1,-25,-169, not_tired
n_62, 15,11,4,-25,-169, not_tired
n_62, 14,10,7,-29,-173, not_tired
n_620, 0,0,0,0,0, not_tired
n_620, 14,16,31,-28,-148, not_tired
n_620, 8,14,22,-28,-155, not_tired
n_620, 16,15,29,-12,-155, not_tired
n_620, 11,6,32,-40,-151, not_tired
n_620, 16,14,29,-47,-160, not_tired
n_620, 15,18,29,-71,-157, not_tired
n_620, 17,18,0,-58,-155, not_tired
n_620, 19,17,25,-32,-161, not_tired
n_620, 15,13,0,-29,-156, not_tired
n_621, 17,14,18,-37,-155, not_tired
n_621, 17,13,21,-32,-158, not_tired
n_621, 18,13,14,-34,-159, not_tired
n_621, 15,13,13,-34,-153, not_tired
n_621, 15,13,19,-38,-154, not_tired
n_621, 3,9,1,-38,-152, not_tired
n_621, 15,14,2,-43,-155, not_tired
n_621, 17,14,9,-31,-156, not_tired
n_621, 13,8,13,-33,-157, not_tired
n_621, 16,14,15,-32,-161, not_tired
n_622, 16,13,10,-23,-166, not_tired
n_622, 19,14,0,-14,-165, not_tired
n_622, 16,13,16,-10,-161, not_tired
n_622, 17,14,2,-19,-163, not_tired
n_622, 18,14,24,-16,-159, not_tired
n_622, 11,9,23,-23,-157, not_tired
n_622, 18,14,18,-28,-158, not_tired
n_622, 16,13,0,-26,-157, not_tired
n_622, 18,16,15,-40,-164, not_tired
n_622, 17,16,14,-41,-163, not_tired
n_623, 15,15,1,-55,-159, not_tired
n_623, 18,14,0,-20,-171, not_tired
n_623, 17,17,0,5,-167, not_tired
n_623, 17,18,0,-31,-163, not_tired
n_623, 16,18,1,-43,-165, not_tired
n_623, 14,14,0,-34,-166, not_tired
n_623, 15,16,0,-41,-162, not_tired
n_623, 17,14,1,-23,-158, not_tired
n_623, 16,13,0,-37,-155, not_tired
n_623, 16,13,0,-47,-151, not_tired
n_624, 18,16,11,-33,-159, not_tired
n_624, 17,15,15,-39,-161, not_tired
n_624, 15,14,18,-40,-159, not_tired
n_624, 13,9,21,-37,-155, not_tired
n_624, 13,13,16,-45,-159, not_tired
n_624, 15,14,17,-43,-160, not_tired
n_624, 15,12,18,-41,-159, not_tired
n_624, 17,16,15,-19,-167, not_tired
n_624, 17,14,15,-13,-160, not_tired
n_624, 16,14,18,-14,-163, not_tired
n_625, 0,0,0,0,0, not_tired
n_625, 11,9,0,-33,-130, not_tired
n_625, 12,10,0,-30,-135, not_tired
n_625, 11,11,0,-20,-127, not_tired
n_625, 12,10,1,-23,-136, not_tired
n_625, 14,12,12,-23,-145, not_tired
n_625, 14,13,22,-21,-163, not_tired
n_625, 11,11,29,-45,-150, not_tired
n_625, 10,6,30,-40,-149, not_tired
n_625, 11,10,29,-54,-132, not_tired
n_626, 12,10,1,-70,-146, not_tired
n_626, 14,13,24,-33,-147, not_tired
n_626, 10,8,30,-75,-134, not_tired
n_626, 14,10,22,-22,-149, not_tired
n_626, 0,0,0,0,0, not_tired
n_626, 9,9,26,-55,-139, not_tired
n_626, 11,11,17,-45,-148, not_tired
n_626, 0,0,0,0,0, not_tired
n_626, 8,10,1,-45,-143, not_tired
n_626, 0,0,0,0,0, not_tired
n_627, 11,12,0,-39,-142, not_tired
n_627, 11,9,1,-54,-144, not_tired
n_627, 0,0,0,0,0, not_tired
n_627, 0,0,0,0,0, not_tired
n_627, 0,0,0,0,0, not_tired
n_627, 0,0,0,0,0, not_tired
n_627, 0,0,0,0,0, not_tired
n_627, 0,0,0,0,0, not_tired
n_627, 0,3,0,-24,-159, not_tired
n_627, 0,0,0,0,0, not_tired
n_628, 4,7,30,-35,-135, not_tired
n_628, 0,0,0,0,0, not_tired
n_628, 16,12,28,50,-147, not_tired
n_628, 0,0,0,0,0, not_tired
n_628, 0,0,0,0,0, not_tired
n_628, 10,7,26,-16,-133, not_tired
n_628, 10,13,27,-43,-145, not_tired
n_628, 11,11,1,-30,-153, not_tired
n_628, 14,11,15,-35,-157, not_tired
n_628, 11,11,17,-42,-156, not_tired
n_629, 15,10,17,-25,-145, not_tired
n_629, 13,8,17,-54,-148, not_tired
n_629, 7,15,13,-22,-150, not_tired
n_629, 11,13,0,-57,-152, not_tired
n_629, 13,12,14,-44,-155, not_tired
n_629, 13,13,17,-21,-146, not_tired
n_629, 14,11,15,-19,-148, not_tired
n_629, 11,12,12,-27,-145, not_tired
n_629, 11,9,14,-35,-145, not_tired
n_629, 12,11,13,-21,-141, not_tired
n_63, 0,0,0,0,0, not_tired
n_63, 12,10,1,-43,-155, not_tired
n_63, 12,10,1,-42,-164, not_tired
n_63, 14,12,2,-36,-165, not_tired
n_63, 14,13,1,-35,-165, not_tired
n_63, 13,12,1,-31,-166, not_tired
n_63, 13,10,1,-43,-170, not_tired
n_63, 13,11,1,-27,-170, not_tired
n_63, 12,13,0,-56,-166, not_tired
n_63, 12,12,0,-19,-183, not_tired
n_630, 0,0,0,0,0, not_tired
n_630, 9,7,12,-48,-127, not_tired
n_630, 7,15,1,-26,-141, not_tired
n_630, 12,12,0,-47,-149, not_tired
n_630, 5,4,0,-37,-156, not_tired
n_630, 11,11,1,-44,-156, not_tired
n_630, 16,10,1,-46,-152, not_tired
n_630, 13,10,1,-45,-147, not_tired
n_630, 14,12,10,-34,-151, not_tired
n_630, 12,7,1,-35,-146, not_tired
n_631, 16,11,12,-5,-162, not_tired
n_631, 11,11,1,-45,-150, not_tired
n_631, 11,11,7,-45,-143, not_tired
n_631, 12,11,25,-40,-147, not_tired
n_631, 12,10,25,-28,-143, not_tired
n_631, 12,11,26,-29,-142, not_tired
n_631, 14,11,0,-30,-152, not_tired
n_631, 11,8,22,-37,-134, not_tired
n_631, 11,8,25,-19,-144, not_tired
n_631, 13,11,24,-12,-143, not_tired
n_632, 10,8,23,-17,-131, not_tired
n_632, 12,11,20,-28,-143, not_tired
n_632, 13,13,20,-30,-141, not_tired
n_632, 0,0,0,0,0, not_tired
n_632, 12,11,16,-19,-146, not_tired
n_632, 7,9,2,-11,-145, not_tired
n_632, 13,12,9,-25,-156, not_tired
n_632, 14,12,24,-35,-154, not_tired
n_632, 12,12,24,-43,-165, not_tired
n_632, 3,3,12,-79,-129, not_tired
n_633, 10,13,11,-63,-154, not_tired
n_633, 12,14,16,-54,-156, not_tired
n_633, 6,2,19,-32,-152, not_tired
n_633, 13,10,18,-24,-151, not_tired
n_633, 12,10,24,-27,-154, not_tired
n_633, 12,10,34,-27,-143, not_tired
n_633, 13,9,34,-34,-141, not_tired
n_633, 11,8,29,-28,-138, not_tired
n_633, 16,13,28,10,-151, not_tired
n_633, 11,10,28,-3,-155, not_tired
n_634, 10,9,22,-47,-122, not_tired
n_634, 12,10,15,-41,-138, not_tired
n_634, 12,10,29,-28,-137, not_tired
n_634, 11,11,25,-42,-147, not_tired
n_634, 12,13,23,-63,-148, not_tired
n_634, 13,12,20,-55,-157, not_tired
n_634, 2,2,23,-52,-140, not_tired
n_634, 12,10,25,-58,-143, not_tired
n_634, 12,9,9,-72,-154, not_tired
n_634, 11,9,26,-55,-140, not_tired
n_635, 10,12,21,-65,-145, not_tired
n_635, 0,0,0,0,0, not_tired
n_635, 13,10,12,-33,-142, not_tired
n_635, 13,13,23,-31,-165, not_tired
n_635, 10,12,22,-62,-148, not_tired
n_635, 12,13,20,-53,-151, not_tired
n_635, 11,10,19,-53,-141, not_tired
n_635, 12,12,17,-60,-146, not_tired
n_635, 0,0,0,0,0, not_tired
n_635, 12,9,14,-39,-143, not_tired
n_636, 16,11,1,-10,-149, not_tired
n_636, 13,11,16,-43,-155, not_tired
n_636, 15,14,0,-6,-167, not_tired
n_636, 14,10,1,-23,-160, not_tired
n_636, 14,12,0,-41,-154, not_tired
n_636, 5,5,0,-40,-151, not_tired
n_636, 12,11,0,-43,-151, not_tired
n_636, 13,12,0,-40,-160, not_tired
n_636, 13,10,0,-31,-157, not_tired
n_636, 10,8,0,-45,-148, not_tired
n_637, 12,12,1,-44,-159, not_tired
n_637, 12,8,0,-48,-153, not_tired
n_637, 13,13,0,-49,-159, not_tired
n_637, 0,0,0,0,0, not_tired
n_637, 13,10,1,-46,-148, not_tired
n_637, 13,12,0,-54,-154, not_tired
n_637, 11,12,0,-55,-153, not_tired
n_637, 12,11,0,-53,-155, not_tired
n_637, 15,11,0,-50,-151, not_tired
n_637, 14,10,1,-40,-147, not_tired
n_638, 14,12,1,-28,-146, not_tired
n_638, 3,4,0,-35,-145, not_tired
n_638, 0,0,0,0,0, not_tired
n_638, 15,11,0,-24,-148, not_tired
n_638, 13,10,0,-36,-152, not_tired
n_638, 12,10,0,-38,-146, not_tired
n_638, 13,10,0,-28,-146, not_tired
n_638, 13,9,0,-21,-144, not_tired
n_638, 13,11,0,-17,-145, not_tired
n_638, 13,11,0,-19,-142, not_tired
n_639, 0,0,0,0,0, not_tired
n_639, 11,7,0,-13,-126, not_tired
n_639, 13,12,0,-34,-149, not_tired
n_639, 13,11,0,-50,-148, not_tired
n_639, 12,10,1,-54,-149, not_tired
n_639, 14,14,0,-43,-151, not_tired
n_639, 11,12,0,-37,-146, not_tired
n_639, 0,0,0,0,0, not_tired
n_639, 12,10,0,-46,-151, not_tired
n_639, 14,12,0,-38,-144, not_tired
n_64, 0,0,0,0,0, not_tired
n_64, 13,13,0,-2,-168, not_tired
n_64, 14,13,0,-14,-175, not_tired
n_64, 11,12,0,-40,-179, not_tired
n_64, 16,15,0,-10,-188, not_tired
n_64, 9,12,0,67,-180, not_tired
n_64, 12,12,0,49,-172, not_tired
n_64, 15,12,0,-46,-176, not_tired
n_64, 17,15,1,-36,-180, not_tired
n_64, 18,12,1,-19,-162, not_tired
n_640, 6,9,3,-4,-168, not_tired
n_640, 12,6,11,-36,-156, not_tired
n_640, 12,11,1,-27,-142, not_tired
n_640, 11,8,0,-14,-146, not_tired
n_640, 10,10,0,-17,-144, not_tired
n_640, 16,11,0,-11,-148, not_tired
n_640, 11,9,0,-35,-137, not_tired
n_640, 11,5,17,-36,-143, not_tired
n_640, 10,10,1,-24,-135, not_tired
n_640, 12,11,0,-29,-146, not_tired
n_641, 12,9,1,-35,-149, not_tired
n_641, 11,6,8,-36,-135, not_tired
n_641, 12,9,6,-34,-146, not_tired
n_641, 12,10,6,-30,-135, not_tired
n_641, 11,12,1,-47,-150, not_tired
n_641, 2,5,6,-24,-135, not_tired
n_641, 12,9,1,-59,-144, not_tired
n_641, 7,3,1,4,-153, not_tired
n_641, 15,10,0,1,-161, not_tired
n_641, 15,14,1,-23,-150, not_tired
n_642, 0,0,0,0,0, not_tired
n_642, 15,7,0,68,-144, not_tired
n_642, 0,0,0,0,0, not_tired
n_642, 15,12,1,-13,-148, not_tired
n_642, 14,12,0,-1,-151, not_tired
n_642, 14,9,1,-9,-157, not_tired
n_642, 2,3,0,-18,-155, not_tired
n_642, 14,12,0,-24,-163, not_tired
n_642, 15,13,1,-36,-152, not_tired
n_642, 16,13,0,20,-165, not_tired
n_643, 0,0,0,0,0, not_tired
n_643, 4,4,1,-21,-148, not_tired
n_643, 7,4,0,-8,-155, not_tired
n_643, 10,8,9,-24,-150, not_tired
n_643, 15,12,1,-24,-159, not_tired
n_643, 13,13,28,-15,-154, not_tired
n_643, 12,13,1,-15,-156, not_tired
n_643, 0,0,0,0,0, not_tired
n_643, 0,0,0,0,0, not_tired
n_643, 0,0,0,0,0, not_tired
n_644, 0,0,0,0,0, not_tired
n_644, 0,0,0,0,0, not_tired
n_644, 0,0,0,0,0, not_tired
n_644, 13,11,16,-34,-149, not_tired
n_644, 12,11,11,-34,-164, not_tired
n_644, 12,11,7,-43,-145, not_tired
n_644, 10,10,1,-54,-139, not_tired
n_644, 14,11,0,-38,-158, not_tired
n_644, 2,4,1,-29,-148, not_tired
n_644, 0,0,0,0,0, not_tired
n_645, 7,3,1,-11,-136, not_tired
n_645, 12,10,29,-28,-151, not_tired
n_645, 9,11,13,-37,-147, not_tired
n_645, 9,10,0,-33,-151, not_tired
n_645, 11,13,0,-41,-161, not_tired
n_645, 3,4,1,-42,-154, not_tired
n_645, 10,12,0,-52,-150, not_tired
n_645, 13,10,0,-49,-149, not_tired
n_645, 10,9,1,-48,-152, not_tired
n_645, 11,13,0,-62,-147, not_tired
n_646, 12,13,1,-54,-156, not_tired
n_646, 7,10,1,-52,-150, not_tired
n_646, 12,12,0,-59,-147, not_tired
n_646, 13,13,0,-47,-157, not_tired
n_646, 12,13,1,-54,-155, not_tired
n_646, 11,9,3,-37,-158, not_tired
n_646, 16,13,0,-1,-151, not_tired
n_646, 14,9,0,-21,-145, not_tired
n_646, 14,11,0,-18,-151, not_tired
n_646, 13,10,0,-13,-151, not_tired
n_647, 0,0,0,0,0, not_tired
n_647, 12,15,0,-50,-158, not_tired
n_647, 5,3,0,-60,-147, not_tired
n_647, 12,13,2,-52,-150, not_tired
n_647, 11,10,5,-40,-156, not_tired
n_647, 12,14,19,-43,-155, not_tired
n_647, 12,14,0,-38,-146, not_tired
n_647, 10,12,0,-43,-144, not_tired
n_647, 12,14,0,-41,-144, not_tired
n_647, 14,11,0,-54,-144, not_tired
n_648, 13,9,0,-47,-145, not_tired
n_648, 11,11,0,-29,-138, not_tired
n_648, 11,8,0,-52,-154, not_tired
n_648, 0,0,0,0,0, not_tired
n_648, 4,3,0,-57,-129, not_tired
n_648, 0,0,0,0,0, not_tired
n_648, 9,10,1,-60,-117, not_tired
n_648, 11,13,0,-15,-149, not_tired
n_648, 14,12,0,-27,-151, not_tired
n_648, 13,12,0,-32,-153, not_tired
n_649, 11,12,1,-43,-151, not_tired
n_649, 10,11,0,-36,-150, not_tired
n_649, 11,11,0,-48,-145, not_tired
n_649, 11,13,1,-44,-157, not_tired
n_649, 14,10,0,-33,-155, not_tired
n_649, 14,12,0,-43,-156, not_tired
n_649, 14,12,0,-33,-162, not_tired
n_649, 12,12,19,-37,-155, not_tired
n_649, 9,9,1,-39,-157, not_tired
n_649, 12,8,17,-23,-150, not_tired
n_65, 0,0,0,0,0, not_tired
n_65, 14,16,1,40,-169, not_tired
n_65, 11,12,0,-6,-180, not_tired
n_65, 9,6,0,-15,-182, not_tired
n_65, 12,5,0,-42,-180, not_tired
n_65, 14,13,0,-51,-169, not_tired
n_65, 14,9,1,-53,-178, not_tired
n_65, 15,14,0,-40,-179, not_tired
n_65, 13,14,0,-42,-184, not_tired
n_65, 15,14,0,-13,-187, not_tired
n_650, 0,0,0,0,0, not_tired
n_650, 11,9,26,-37,-150, not_tired
n_650, 10,10,17,-34,-150, not_tired
n_650, 4,4,23,-42,-150, not_tired
n_650, 12,10,13,-18,-154, not_tired
n_650, 12,9,16,-12,-148, not_tired
n_650, 11,11,1,-41,-146, not_tired
n_650, 6,11,2,-55,-147, not_tired
n_650, 10,12,0,-44,-151, not_tired
n_650, 11,12,0,-42,-152, not_tired
n_651, 12,10,0,-37,-154, not_tired
n_651, 11,12,0,-38,-154, not_tired
n_651, 11,10,0,-42,-151, not_tired
n_651, 13,11,1,-41,-151, not_tired
n_651, 11,10,0,-41,-151, not_tired
n_651, 12,10,0,-41,-149, not_tired
n_651, 8,8,0,-40,-136, not_tired
n_651, 12,10,0,-24,-143, not_tired
n_651, 12,10,0,-33,-152, not_tired
n_651, 11,10,0,-43,-146, not_tired
n_652, 2,3,1,-38,-147, not_tired
n_652, 13,12,1,-30,-162, not_tired
n_652, 14,12,1,-28,-155, not_tired
n_652, 3,2,0,-42,-149, not_tired
n_652, 12,16,1,-54,-155, not_tired
n_652, 10,15,0,-57,-155, not_tired
n_652, 13,14,0,-51,-155, not_tired
n_652, 13,14,4,-43,-153, not_tired
n_652, 14,14,0,-36,-150, not_tired
n_652, 12,11,0,-40,-149, not_tired
n_653, 15,13,0,-31,-155, not_tired
n_653, 13,12,0,-27,-151, not_tired
n_653, 7,6,0,-32,-137, not_tired
n_653, 11,10,0,-25,-135, not_tired
n_653, 12,10,1,-43,-142, not_tired
n_653, 13,9,0,-25,-140, not_tired
n_653, 13,7,0,-11,-141, not_tired
n_653, 13,9,0,-11,-140, not_tired
n_653, 12,10,0,-21,-142, not_tired
n_653, 13,11,0,-20,-140, not_tired
n_654, 10,12,0,-32,-138, not_tired
n_654, 9,11,0,-24,-138, not_tired
n_654, 9,4,1,14,-150, not_tired
n_654, 11,9,1,-5,-144, not_tired
n_654, 0,0,0,-1,-155, not_tired
n_654, 9,4,1,-39,-115, not_tired
n_654, 11,8,0,-32,-117, not_tired
n_654, 11,10,0,-30,-123, not_tired
n_654, 13,11,0,-24,-131, not_tired
n_654, 13,11,0,-20,-137, not_tired
n_655, 14,12,1,6,-151, not_tired
n_655, 16,13,0,16,-149, not_tired
n_655, 15,12,1,-13,-140, not_tired
n_655, 14,12,0,-19,-140, not_tired
n_655, 15,13,0,-12,-134, not_tired
n_655, 14,11,1,-22,-139, not_tired
n_655, 2,1,0,-30,-134, not_tired
n_655, 13,12,0,-31,-138, not_tired
n_655, 13,11,0,-31,-136, not_tired
n_655, 13,9,0,-26,-133, not_tired
n_656, 13,11,0,-24,-131, not_tired
n_656, 12,11,0,-38,-140, not_tired
n_656, 10,13,0,-46,-148, not_tired
n_656, 10,15,0,-63,-155, not_tired
n_656, 15,13,0,-44,-157, not_tired
n_656, 12,11,0,-42,-147, not_tired
n_656, 14,12,0,-32,-153, not_tired
n_656, 10,13,0,-63,-144, not_tired
n_656, 12,11,0,-42,-148, not_tired
n_656, 11,10,0,-34,-150, not_tired
n_657, 9,7,0,-27,-145, not_tired
n_657, 12,10,0,-25,-143, not_tired
n_657, 13,11,0,-26,-151, not_tired
n_657, 8,8,1,-29,-146, not_tired
n_657, 13,15,1,-33,-156, not_tired
n_657, 3,3,0,-38,-157, not_tired
n_657, 4,11,1,-65,-139, not_tired
n_657, 12,14,0,-53,-153, not_tired
n_657, 13,14,0,-59,-155, not_tired
n_657, 11,15,0,-56,-153, not_tired
n_658, 13,15,0,-41,-147, not_tired
n_658, 13,14,0,-44,-148, not_tired
n_658, 12,15,0,-45,-150, not_tired
n_658, 14,13,0,-32,-156, not_tired
n_658, 10,15,0,-45,-153, not_tired
n_658, 6,9,0,-68,-143, not_tired
n_658, 13,14,0,-52,-152, not_tired
n_658, 11,12,0,-53,-147, not_tired
n_658, 11,13,0,-52,-146, not_tired
n_658, 6,7,1,-61,-143, not_tired
n_659, 12,13,0,-50,-149, not_tired
n_659, 10,12,0,-50,-148, not_tired
n_659, 11,13,6,-51,-147, not_tired
n_659, 8,12,0,-52,-151, not_tired
n_659, 11,13,1,-52,-154, not_tired
n_659, 6,5,1,-46,-147, not_tired
n_659, 11,11,0,-45,-147, not_tired
n_659, 11,13,0,-56,-149, not_tired
n_659, 9,13,0,-55,-149, not_tired
n_659, 13,11,1,-48,-148, not_tired
n_66, 0,0,0,0,0, not_tired
n_66, 13,12,1,-29,-185, not_tired
n_66, 10,12,0,-29,-187, not_tired
n_66, 15,10,0,-17,-180, not_tired
n_66, 12,9,0,-21,-181, not_tired
n_66, 13,12,0,-23,-182, not_tired
n_66, 10,10,1,-52,-179, not_tired
n_66, 15,11,0,-26,-175, not_tired
n_66, 10,11,0,-15,-187, not_tired
n_66, 11,13,0,-38,-184, not_tired
n_660, 0,0,0,0,0, not_tired
n_660, 5,2,0,-33,-142, not_tired
n_660, 10,8,1,-51,-148, not_tired
n_660, 10,9,0,-49,-146, not_tired
n_660, 12,6,0,-44,-148, not_tired
n_660, 12,9,0,-30,-147, not_tired
n_660, 12,8,1,-19,-145, not_tired
n_660, 13,10,1,-16,-138, not_tired
n_660, 12,11,0,-31,-150, not_tired
n_660, 11,12,0,-46,-146, not_tired
n_661, 13,11,0,-35,-148, not_tired
n_661, 13,11,0,-35,-148, not_tired
n_661, 11,11,0,-40,-145, not_tired
n_661, 10,11,0,-56,-142, not_tired
n_661, 11,11,0,-51,-144, not_tired
n_661, 12,11,1,-43,-152, not_tired
n_661, 15,12,0,-22,-151, not_tired
n_661, 11,10,0,-30,-142, not_tired
n_661, 11,10,0,-40,-143, not_tired
n_661, 12,10,0,-42,-136, not_tired
n_662, 11,12,0,-58,-141, not_tired
n_662, 10,11,0,-57,-142, not_tired
n_662, 13,11,0,-41,-149, not_tired
n_662, 14,12,1,-40,-145, not_tired
n_662, 12,9,0,-29,-136, not_tired
n_662, 11,12,0,-56,-145, not_tired
n_662, 10,12,0,-57,-148, not_tired
n_662, 12,10,0,-53,-140, not_tired
n_662, 12,11,0,-42,-142, not_tired
n_662, 13,10,0,-35,-142, not_tired
n_663, 13,8,0,-22,-141, not_tired
n_663, 9,8,0,-33,-142, not_tired
n_663, 12,9,0,-23,-141, not_tired
n_663, 12,9,0,-20,-145, not_tired
n_663, 11,12,0,-42,-154, not_tired
n_663, 13,11,0,-22,-154, not_tired
n_663, 12,11,0,-41,-151, not_tired
n_663, 14,13,0,-34,-144, not_tired
n_663, 13,11,0,-33,-147, not_tired
n_663, 11,10,0,-35,-144, not_tired
n_664, 6,3,0,-36,-141, not_tired
n_664, 13,11,0,-40,-140, not_tired
n_664, 14,11,18,-40,-140, not_tired
n_664, 11,13,0,-38,-168, not_tired
n_664, 13,13,0,-40,-155, not_tired
n_664, 12,13,0,-41,-155, not_tired
n_664, 13,13,0,-41,-148, not_tired
n_664, 13,11,7,-42,-139, not_tired
n_664, 12,10,0,-41,-145, not_tired
n_664, 12,10,14,-30,-133, not_tired
n_665, 13,10,0,-33,-143, not_tired
n_665, 8,8,0,-41,-144, not_tired
n_665, 12,11,0,-28,-148, not_tired
n_665, 12,12,0,-37,-146, not_tired
n_665, 13,13,0,-36,-145, not_tired
n_665, 13,12,0,-31,-143, not_tired
n_665, 11,11,0,-30,-139, not_tired
n_665, 11,13,0,-43,-146, not_tired
n_665, 13,10,0,-6,-151, not_tired
n_665, 15,11,0,-17,-138, not_tired
n_666, 14,13,0,-4,-142, not_tired
n_666, 12,9,0,-7,-135, not_tired
n_666, 10,9,0,-10,-145, not_tired
n_666, 13,11,0,-4,-131, not_tired
n_666, 13,11,0,-4,-135, not_tired
n_666, 14,14,1,-21,-150, not_tired
n_666, 13,13,0,-15,-151, not_tired
n_666, 13,11,0,-20,-141, not_tired
n_666, 14,11,0,-16,-137, not_tired
n_666, 12,10,0,-18,-126, not_tired
n_667, 14,10,0,-23,-130, not_tired
n_667, 11,8,0,-14,-135, not_tired
n_667, 12,10,0,-10,-129, not_tired
n_667, 13,10,0,-21,-136, not_tired
n_667, 11,9,0,-23,-120, not_tired
n_667, 11,8,1,-36,-143, not_tired
n_667, 13,14,1,-49,-151, not_tired
n_667, 13,12,0,-31,-142, not_tired
n_667, 13,11,0,-44,-145, not_tired
n_667, 12,11,0,-37,-144, not_tired
n_668, 0,0,0,0,0, not_tired
n_668, 17,19,1,23,-184, not_tired
n_668, 21,18,1,21,-195, not_tired
n_668, 18,14,0,13,-192, not_tired
n_668, 17,17,0,20,-191, not_tired
n_668, 19,17,0,22,-194, not_tired
n_668, 15,13,0,24,-183, not_tired
n_668, 19,19,6,36,-190, not_tired
n_668, 19,21,1,23,-192, not_tired
n_668, 21,19,0,30,-185, not_tired
n_669, 16,15,0,27,-181, not_tired
n_669, 18,20,0,21,-179, not_tired
n_669, 10,2,0,31,-178, not_tired
n_669, 20,19,0,28,-185, not_tired
n_669, 20,21,0,11,-184, not_tired
n_669, 18,20,1,9,-181, not_tired
n_669, 20,21,1,19,-184, not_tired
n_669, 21,21,1,26,-182, not_tired
n_669, 19,21,1,25,-184, not_tired
n_669, 21,21,1,22,-187, not_tired
n_67, 0,0,0,0,0, not_tired
n_67, 15,13,0,-24,-187, not_tired
n_67, 13,8,0,-44,-175, not_tired
n_67, 13,10,5,-26,-170, not_tired
n_67, 11,10,3,-15,-175, not_tired
n_67, 15,11,0,-1,-183, not_tired
n_67, 8,8,4,-8,-178, not_tired
n_67, 13,11,1,-10,-184, not_tired
n_67, 12,12,0,-36,-180, not_tired
n_67, 13,12,0,-49,-182, not_tired
n_670, 0,0,0,0,0, not_tired
n_670, 20,21,0,18,-192, not_tired
n_670, 19,21,0,21,-190, not_tired
n_670, 0,0,0,0,0, not_tired
n_670, 21,18,0,23,-195, not_tired
n_670, 20,18,0,25,-198, not_tired
n_670, 19,20,0,13,-191, not_tired
n_670, 19,21,0,25,-188, not_tired
n_670, 18,20,0,14,-182, not_tired
n_670, 19,21,0,14,-187, not_tired
n_671, 17,22,1,17,-185, not_tired
n_671, 19,19,0,26,-178, not_tired
n_671, 20,20,1,29,-191, not_tired
n_671, 18,22,1,20,-183, not_tired
n_671, 21,21,0,19,-180, not_tired
n_671, 18,21,12,34,-181, not_tired
n_671, 0,0,0,0,0, not_tired
n_671, 25,26,0,7,-208, not_tired
n_671, 0,0,0,0,0, not_tired
n_671, 0,0,0,0,0, not_tired
n_672, 0,0,0,0,0, not_tired
n_672, 25,25,1,-11,-205, not_tired
n_672, 23,23,0,-6,-196, not_tired
n_672, 25,22,0,13,-202, not_tired
n_672, 24,20,3,20,-203, not_tired
n_672, 21,20,0,21,-183, not_tired
n_672, 19,21,0,16,-190, not_tired
n_672, 17,16,0,0,-190, not_tired
n_672, 22,21,0,2,-185, not_tired
n_672, 18,20,0,16,-182, not_tired
n_673, 20,23,0,20,-195, not_tired
n_673, 12,14,0,18,-179, not_tired
n_673, 6,1,0,17,-178, not_tired
n_673, 15,19,0,13,-177, not_tired
n_673, 19,19,1,17,-185, not_tired
n_673, 17,19,1,7,-175, not_tired
n_673, 18,19,0,19,-187, not_tired
n_673, 20,20,0,21,-177, not_tired
n_673, 20,20,0,15,-184, not_tired
n_673, 19,20,0,13,-183, not_tired
n_674, 25,19,1,10,-188, not_tired
n_674, 18,20,0,13,-185, not_tired
n_674, 18,21,0,11,-186, not_tired
n_674, 18,19,0,15,-185, not_tired
n_674, 17,20,0,8,-180, not_tired
n_674, 16,21,1,5,-184, not_tired
n_674, 18,19,0,19,-181, not_tired
n_674, 17,20,0,10,-179, not_tired
n_674, 16,20,1,6,-180, not_tired
n_674, 17,19,0,9,-179, not_tired
n_675, 18,18,0,16,-177, not_tired
n_675, 18,19,0,16,-176, not_tired
n_675, 13,13,0,10,-174, not_tired
n_675, 18,17,0,22,-179, not_tired
n_675, 19,18,0,13,-185, not_tired
n_675, 18,18,0,12,-182, not_tired
n_675, 18,17,0,13,-185, not_tired
n_675, 20,19,0,15,-183, not_tired
n_675, 20,18,0,22,-185, not_tired
n_675, 20,17,1,25,-184, not_tired
n_676, 20,19,0,27,-184, not_tired
n_676, 21,19,1,26,-191, not_tired
n_676, 20,21,0,28,-190, not_tired
n_676, 20,21,0,23,-181, not_tired
n_676, 17,18,0,17,-177, not_tired
n_676, 0,0,0,0,0, not_tired
n_676, 16,19,1,9,-182, not_tired
n_676, 14,16,9,15,-176, not_tired
n_676, 12,11,1,52,-184, not_tired
n_676, 0,0,0,0,0, not_tired
n_677, 8,10,1,68,-142, not_tired
n_677, 18,19,0,15,-165, not_tired
n_677, 11,12,0,9,-176, not_tired
n_677, 18,18,1,6,-189, not_tired
n_677, 15,16,0,10,-175, not_tired
n_677, 15,17,0,11,-173, not_tired
n_677, 7,7,0,40,-169, not_tired
n_677, 0,0,0,0,0, not_tired
n_677, 7,14,0,73,-129, not_tired
n_677, 11,14,1,78,-134, not_tired
n_678, 10,4,0,72,-136, not_tired
n_678, 8,12,1,85,-137, not_tired
n_678, 11,12,1,83,-140, not_tired
n_678, 9,12,1,79,-145, not_tired
n_678, 8,12,1,81,-142, not_tired
n_678, 8,11,0,80,-143, not_tired
n_678, 9,13,1,78,-146, not_tired
n_678, 12,14,0,75,-149, not_tired
n_678, 10,13,0,69,-151, not_tired
n_678, 11,15,1,81,-144, not_tired
n_679, 12,13,1,72,-148, not_tired
n_679, 12,14,0,75,-148, not_tired
n_679, 12,14,0,70,-152, not_tired
n_679, 10,7,1,55,-150, not_tired
n_679, 15,15,0,20,-169, not_tired
n_679, 11,15,0,71,-162, not_tired
n_679, 6,9,0,73,-154, not_tired
n_679, 13,13,0,77,-146, not_tired
n_679, 10,12,1,63,-152, not_tired
n_679, 9,11,1,67,-144, not_tired
n_68, 0,0,0,0,0, not_tired
n_68, 2,2,0,-24,-174, not_tired
n_68, 14,12,0,-32,-181, not_tired
n_68, 2,0,0,-21,-191, not_tired
n_68, 14,12,0,-40,-197, not_tired
n_68, 11,9,0,-30,-176, not_tired
n_68, 1,0,0,-31,-189, not_tired
n_68, 13,10,1,-31,-180, not_tired
n_68, 11,11,0,-31,-173, not_tired
n_68, 12,10,0,-32,-169, not_tired
n_680, 0,0,0,0,0, not_tired
n_680, 9,15,0,69,-139, not_tired
n_680, 11,5,1,58,-144, not_tired
n_680, 10,15,1,79,-137, not_tired
n_680, 10,15,0,72,-145, not_tired
n_680, 14,17,0,40,-163, not_tired
n_680, 15,19,0,33,-169, not_tired
n_680, 14,15,2,72,-171, not_tired
n_680, 10,13,0,76,-154, not_tired
n_680, 10,13,0,83,-142, not_tired
n_681, 10,4,1,66,-144, not_tired
n_681, 11,14,0,81,-136, not_tired
n_681, 9,7,1,65,-146, not_tired
n_681, 9,14,1,68,-145, not_tired
n_681, 10,4,0,69,-142, not_tired
n_681, 11,12,0,67,-143, not_tired
n_681, 9,7,0,70,-144, not_tired
n_681, 8,7,0,68,-142, not_tired
n_681, 9,7,1,70,-143, not_tired
n_681, 8,6,0,71,-146, not_tired
n_682, 8,7,1,69,-146, not_tired
n_682, 10,14,0,74,-144, not_tired
n_682, 9,7,0,65,-148, not_tired
n_682, 8,7,1,72,-144, not_tired
n_682, 9,9,1,66,-146, not_tired
n_682, 6,7,0,67,-148, not_tired
n_682, 8,7,1,66,-147, not_tired
n_682, 9,11,0,63,-150, not_tired
n_682, 9,10,1,60,-147, not_tired
n_682, 9,12,2,65,-145, not_tired
n_683, 10,14,0,76,-147, not_tired
n_683, 9,15,1,73,-147, not_tired
n_683, 11,14,0,76,-145, not_tired
n_683, 10,12,1,65,-148, not_tired
n_683, 17,18,0,18,-177, not_tired
n_683, 15,17,0,31,-179, not_tired
n_683, 17,15,1,34,-183, not_tired
n_683, 13,12,0,31,-181, not_tired
n_683, 0,0,0,0,0, not_tired
n_683, 5,11,1,71,-138, not_tired
n_684, 9,5,1,64,-140, not_tired
n_684, 16,18,0,11,-172, not_tired
n_684, 14,18,0,21,-184, not_tired
n_684, 0,0,0,0,0, not_tired
n_684, 16,20,0,18,-190, not_tired
n_684, 15,20,0,26,-193, not_tired
n_684, 17,19,0,28,-184, not_tired
n_684, 15,19,0,29,-187, not_tired
n_684, 16,16,0,25,-185, not_tired
n_684, 17,18,0,19,-182, not_tired
n_685, 16,19,1,17,-180, not_tired
n_685, 17,18,1,25,-175, not_tired
n_685, 15,18,0,20,-172, not_tired
n_685, 15,20,0,18,-168, not_tired
n_685, 15,20,0,0,-176, not_tired
n_685, 17,19,0,4,-173, not_tired
n_685, 22,20,0,-24,-179, not_tired
n_685, 18,19,0,16,-180, not_tired
n_685, 21,20,0,14,-185, not_tired
n_685, 15,17,0,15,-182, not_tired
n_686, 18,19,0,8,-180, not_tired
n_686, 22,20,0,-7,-195, not_tired
n_686, 17,20,0,9,-193, not_tired
n_686, 21,18,0,3,-196, not_tired
n_686, 16,20,0,12,-185, not_tired
n_686, 16,18,0,2,-185, not_tired
n_686, 14,17,0,10,-182, not_tired
n_686, 15,15,0,7,-176, not_tired
n_686, 15,16,0,12,-173, not_tired
n_686, 16,20,0,6,-180, not_tired
n_687, 15,20,0,7,-183, not_tired
n_687, 17,19,1,19,-178, not_tired
n_687, 17,19,0,12,-184, not_tired
n_687, 13,11,0,15,-178, not_tired
n_687, 11,15,0,15,-174, not_tired
n_687, 14,16,0,17,-175, not_tired
n_687, 16,16,0,18,-175, not_tired
n_687, 14,19,0,18,-178, not_tired
n_687, 17,18,0,20,-178, not_tired
n_687, 6,6,0,15,-175, not_tired
n_688, 16,19,0,15,-179, not_tired
n_688, 15,18,0,16,-180, not_tired
n_688, 16,19,0,12,-180, not_tired
n_688, 17,18,0,14,-180, not_tired
n_688, 17,18,0,21,-181, not_tired
n_688, 18,20,0,15,-180, not_tired
n_688, 17,19,0,13,-176, not_tired
n_688, 17,16,0,17,-177, not_tired
n_688, 16,17,0,25,-172, not_tired
n_688, 15,18,0,17,-174, not_tired
n_689, 13,15,0,13,-171, not_tired
n_689, 15,15,0,15,-167, not_tired
n_689, 8,3,0,12,-168, not_tired
n_689, 15,14,0,15,-171, not_tired
n_689, 15,18,0,14,-174, not_tired
n_689, 16,18,0,17,-173, not_tired
n_689, 20,18,0,17,-178, not_tired
n_689, 13,18,0,14,-174, not_tired
n_689, 18,18,0,12,-175, not_tired
n_689, 15,18,0,10,-176, not_tired
n_69, 0,0,0,0,0, not_tired
n_69, 13,10,0,-21,-174, not_tired
n_69, 14,11,0,-27,-178, not_tired
n_69, 16,14,0,-15,-184, not_tired
n_69, 14,13,0,-25,-177, not_tired
n_69, 16,11,0,-24,-176, not_tired
n_69, 13,10,1,-25,-179, not_tired
n_69, 14,10,0,-33,-176, not_tired
n_69, 13,9,0,-37,-170, not_tired
n_69, 12,10,0,-27,-166, not_tired
n_690, 0,0,0,0,0, not_tired
n_690, 15,15,0,12,-171, not_tired
n_690, 16,17,0,15,-168, not_tired
n_690, 16,18,0,9,-169, not_tired
n_690, 14,18,0,14,-170, not_tired
n_690, 15,18,1,16,-169, not_tired
n_690, 13,14,0,19,-166, not_tired
n_690, 17,18,0,12,-173, not_tired
n_690, 10,12,0,14,-166, not_tired
n_690, 17,18,0,6,-170, not_tired
n_691, 14,15,1,10,-164, not_tired
n_691, 17,19,0,5,-173, not_tired
n_691, 17,16,0,10,-168, not_tired
n_691, 16,17,0,11,-172, not_tired
n_691, 14,18,0,9,-170, not_tired
n_691, 15,18,0,12,-171, not_tired
n_691, 15,17,0,12,-171, not_tired
n_691, 16,18,0,12,-169, not_tired
n_691, 14,17,0,13,-169, not_tired
n_691, 15,18,1,12,-171, not_tired
n_692, 16,18,0,15,-170, not_tired
n_692, 14,17,0,13,-170, not_tired
n_692, 19,16,0,9,-171, not_tired
n_692, 14,17,0,10,-174, not_tired
n_692, 18,16,1,19,-176, not_tired
n_692, 17,17,0,15,-176, not_tired
n_692, 14,15,0,35,-169, not_tired
n_692, 16,17,0,13,-170, not_tired
n_692, 16,17,0,14,-173, not_tired
n_692, 16,17,0,17,-176, not_tired
n_693, 16,18,0,15,-172, not_tired
n_693, 16,19,0,12,-174, not_tired
n_693, 15,18,0,10,-173, not_tired
n_693, 17,18,0,11,-178, not_tired
n_693, 20,18,0,9,-176, not_tired
n_693, 17,18,0,11,-178, not_tired
n_693, 18,18,0,11,-177, not_tired
n_693, 15,17,1,8,-174, not_tired
n_693, 16,18,0,8,-176, not_tired
n_693, 16,17,0,8,-176, not_tired
n_694, 20,16,0,58,-175, not_tired
n_694, 20,18,0,53,-175, not_tired
n_694, 19,17,0,42,-179, not_tired
n_694, 20,17,0,42,-179, not_tired
n_694, 19,17,0,46,-177, not_tired
n_694, 11,10,0,41,-163, not_tired
n_694, 21,19,0,22,-174, not_tired
n_694, 17,19,0,18,-177, not_tired
n_694, 17,19,0,13,-179, not_tired
n_694, 17,19,0,12,-169, not_tired
n_695, 14,17,0,9,-177, not_tired
n_695, 15,15,0,9,-174, not_tired
n_695, 16,17,1,4,-177, not_tired
n_695, 20,20,0,-5,-182, not_tired
n_695, 14,19,0,7,-175, not_tired
n_695, 16,19,0,4,-180, not_tired
n_695, 17,18,1,5,-180, not_tired
n_695, 16,18,0,4,-176, not_tired
n_695, 14,16,0,13,-170, not_tired
n_695, 16,18,0,8,-177, not_tired
n_696, 14,17,0,8,-173, not_tired
n_696, 16,19,0,1,-178, not_tired
n_696, 17,20,0,8,-176, not_tired
n_696, 16,20,1,5,-173, not_tired
n_696, 14,17,0,9,-169, not_tired
n_696, 16,21,0,6,-173, not_tired
n_696, 17,20,0,13,-167, not_tired
n_696, 17,20,0,9,-169, not_tired
n_696, 11,11,0,22,-174, not_tired
n_696, 18,18,0,19,-178, not_tired
n_697, 9,14,0,6,-166, not_tired
n_697, 15,19,0,10,-165, not_tired
n_697, 15,15,0,16,-160, not_tired
n_697, 16,16,0,19,-170, not_tired
n_697, 17,18,0,19,-170, not_tired
n_697, 14,15,0,15,-172, not_tired
n_697, 15,17,0,14,-172, not_tired
n_697, 13,16,0,20,-168, not_tired
n_697, 15,17,0,13,-168, not_tired
n_697, 16,16,0,9,-172, not_tired
n_698, 17,20,0,10,-171, not_tired
n_698, 17,17,0,16,-171, not_tired
n_698, 14,18,0,15,-174, not_tired
n_698, 14,16,0,14,-169, not_tired
n_698, 16,16,1,12,-173, not_tired
n_698, 16,19,0,13,-174, not_tired
n_698, 17,19,0,13,-176, not_tired
n_698, 16,18,0,12,-173, not_tired
n_698, 15,18,0,14,-168, not_tired
n_698, 16,19,1,10,-173, not_tired
n_699, 18,15,1,-10,-176, not_tired
n_699, 11,11,0,-8,-177, not_tired
n_699, 3,2,0,-10,-167, not_tired
n_699, 12,12,0,-12,-168, not_tired
n_699, 12,13,5,-15,-177, not_tired
n_699, 9,13,18,1,-167, not_tired
n_699, 16,11,0,8,-157, not_tired
n_699, 1,0,0,11,-175, not_tired
n_699, 13,11,1,13,-170, not_tired
n_699, 17,10,0,11,-167, not_tired
n_7, 0,0,0,0,0, not_tired
n_7, 18,17,0,-1,-207, not_tired
n_7, 14,12,0,-40,-191, not_tired
n_7, 13,16,1,28,-195, not_tired
n_7, 14,12,0,-19,-183, not_tired
n_7, 14,12,1,-31,-198, not_tired
n_7, 15,13,0,-38,-188, not_tired
n_7, 16,12,0,-31,-178, not_tired
n_7, 13,10,0,-43,-183, not_tired
n_7, 0,0,0,0,0, not_tired
n_70, 15,12,0,-38,-177, not_tired
n_70, 15,13,0,-39,-179, not_tired
n_70, 17,14,1,-34,-178, not_tired
n_70, 15,12,0,-42,-178, not_tired
n_70, 14,12,0,-42,-178, not_tired
n_70, 15,13,0,-37,-176, not_tired
n_70, 15,13,1,-42,-176, not_tired
n_70, 15,12,0,-43,-178, not_tired
n_70, 14,12,0,-41,-179, not_tired
n_70, 16,11,0,-37,-180, not_tired
n_700, 0,0,0,0,0, not_tired
n_700, 0,1,0,39,-164, not_tired
n_700, 13,14,0,45,-162, not_tired
n_700, 14,14,15,21,-176, not_tired
n_700, 13,14,8,17,-174, not_tired
n_700, 16,12,1,15,-175, not_tired
n_700, 14,12,0,17,-173, not_tired
n_700, 11,12,0,22,-170, not_tired
n_700, 7,9,0,26,-168, not_tired
n_700, 14,13,0,7,-166, not_tired
n_701, 11,16,1,-13,-156, not_tired
n_701, 12,16,0,4,-161, not_tired
n_701, 0,0,0,0,0, not_tired
n_701, 16,17,0,9,-166, not_tired
n_701, 11,4,0,3,-163, not_tired
n_701, 16,17,0,9,-169, not_tired
n_701, 15,17,0,4,-171, not_tired
n_701, 16,18,0,5,-172, not_tired
n_701, 12,14,0,18,-171, not_tired
n_701, 17,18,0,5,-166, not_tired
n_702, 15,16,0,3,-168, not_tired
n_702, 15,17,0,4,-169, not_tired
n_702, 16,16,0,4,-166, not_tired
n_702, 16,18,0,11,-175, not_tired
n_702, 19,17,1,27,-172, not_tired
n_702, 19,17,0,33,-174, not_tired
n_702, 18,17,0,22,-180, not_tired
n_702, 15,16,0,23,-176, not_tired
n_702, 17,18,0,25,-178, not_tired
n_702, 17,18,0,19,-176, not_tired
n_703, 17,17,0,11,-176, not_tired
n_703, 20,19,0,19,-184, not_tired
n_703, 20,20,0,15,-177, not_tired
n_703, 23,20,0,8,-188, not_tired
n_703, 18,21,0,12,-178, not_tired
n_703, 17,18,0,19,-172, not_tired
n_703, 14,16,0,17,-168, not_tired
n_703, 16,18,0,16,-170, not_tired
n_703, 16,18,0,14,-169, not_tired
n_703, 19,20,0,15,-176, not_tired
n_704, 13,16,0,15,-169, not_tired
n_704, 16,18,1,26,-174, not_tired
n_704, 10,4,0,22,-169, not_tired
n_704, 18,19,0,13,-175, not_tired
n_704, 14,14,0,18,-174, not_tired
n_704, 17,21,0,12,-179, not_tired
n_704, 21,20,0,5,-183, not_tired
n_704, 17,18,0,9,-172, not_tired
n_704, 15,14,0,11,-172, not_tired
n_704, 17,18,0,22,-178, not_tired
n_705, 19,18,0,7,-189, not_tired
n_705, 22,17,0,10,-202, not_tired
n_705, 20,18,0,8,-206, not_tired
n_705, 20,18,0,6,-204, not_tired
n_705, 22,18,0,9,-207, not_tired
n_705, 20,17,0,9,-206, not_tired
n_705, 21,18,0,9,-208, not_tired
n_705, 10,9,1,-19,-217, not_tired
n_705, 8,9,0,-20,-213, not_tired
n_705, 6,2,1,-5,-205, not_tired
n_706, 0,0,0,0,0, not_tired
n_706, 9,2,3,7,-172, not_tired
n_706, 9,3,0,13,-157, not_tired
n_706, 11,8,0,10,-174, not_tired
n_706, 0,0,0,0,0, not_tired
n_706, 21,16,0,22,-197, not_tired
n_706, 8,17,0,18,-176, not_tired
n_706, 8,14,1,23,-187, not_tired
n_706, 21,19,0,14,-196, not_tired
n_706, 21,19,0,15,-204, not_tired
n_707, 20,17,0,11,-203, not_tired
n_707, 26,23,1,-6,-208, not_tired
n_707, 27,21,0,-3,-212, not_tired
n_707, 13,15,0,57,-190, not_tired
n_707, 21,18,1,-24,-187, not_tired
n_707, 20,16,0,-12,-171, not_tired
n_707, 26,21,0,12,-196, not_tired
n_707, 24,23,0,15,-212, not_tired
n_707, 21,18,0,1,-198, not_tired
n_707, 11,14,5,13,-200, not_tired
n_708, 24,24,0,21,-207, not_tired
n_708, 15,13,0,28,-204, not_tired
n_708, 17,19,0,25,-194, not_tired
n_708, 16,17,1,27,-198, not_tired
n_708, 13,17,1,13,-192, not_tired
n_708, 0,0,0,0,0, not_tired
n_708, 24,22,0,6,-197, not_tired
n_708, 25,22,0,-4,-212, not_tired
n_708, 28,24,0,10,-208, not_tired
n_708, 26,22,0,23,-207, not_tired
n_709, 25,22,0,20,-219, not_tired
n_709, 20,19,0,9,-206, not_tired
n_709, 19,17,0,19,-203, not_tired
n_709, 20,21,0,20,-199, not_tired
n_709, 18,19,0,24,-194, not_tired
n_709, 22,21,0,22,-205, not_tired
n_709, 20,17,0,23,-194, not_tired
n_709, 22,20,1,22,-198, not_tired
n_709, 23,21,0,22,-197, not_tired
n_709, 19,21,0,12,-195, not_tired
n_71, 0,0,0,0,0, not_tired
n_71, 17,15,0,-27,-179, not_tired
n_71, 14,12,2,-28,-183, not_tired
n_71, 15,11,1,-24,-183, not_tired
n_71, 14,13,0,-29,-182, not_tired
n_71, 13,13,0,-27,-176, not_tired
n_71, 16,13,0,-26,-177, not_tired
n_71, 17,13,0,-34,-180, not_tired
n_71, 16,17,0,-17,-198, not_tired
n_71, 16,15,0,-36,-191, not_tired
n_710, 0,0,0,0,0, not_tired
n_710, 24,21,1,23,-196, not_tired
n_710, 24,22,0,20,-200, not_tired
n_710, 20,22,1,22,-193, not_tired
n_710, 22,23,0,26,-193, not_tired
n_710, 25,24,0,18,-210, not_tired
n_710, 21,21,1,21,-198, not_tired
n_710, 0,0,0,0,0, not_tired
n_710, 14,19,2,27,-187, not_tired
n_710, 15,20,0,21,-180, not_tired
n_711, 12,15,2,16,-182, not_tired
n_711, 19,24,1,1,-192, not_tired
n_711, 21,24,2,1,-198, not_tired
n_711, 23,21,0,27,-198, not_tired
n_711, 25,23,1,17,-205, not_tired
n_711, 23,23,1,6,-203, not_tired
n_711, 23,23,0,14,-205, not_tired
n_711, 22,23,0,7,-200, not_tired
n_711, 24,24,0,15,-203, not_tired
n_711, 23,23,0,10,-202, not_tired
n_712, 23,22,0,11,-199, not_tired
n_712, 22,23,1,6,-195, not_tired
n_712, 22,23,0,12,-194, not_tired
n_712, 20,21,0,8,-202, not_tired
n_712, 22,23,0,11,-202, not_tired
n_712, 22,22,0,4,-200, not_tired
n_712, 19,17,0,5,-195, not_tired
n_712, 21,21,1,15,-194, not_tired
n_712, 22,21,1,24,-195, not_tired
n_712, 24,20,0,21,-203, not_tired
n_713, 23,24,1,16,-206, not_tired
n_713, 24,20,0,21,-204, not_tired
n_713, 23,23,0,17,-200, not_tired
n_713, 26,25,0,9,-207, not_tired
n_713, 22,20,0,18,-194, not_tired
n_713, 19,18,0,21,-190, not_tired
n_713, 20,17,0,17,-195, not_tired
n_713, 21,20,0,18,-194, not_tired
n_713, 22,22,0,16,-193, not_tired
n_713, 15,17,0,10,-189, not_tired
n_714, 22,21,0,13,-194, not_tired
n_714, 19,17,0,8,-183, not_tired
n_714, 21,17,0,15,-187, not_tired
n_714, 7,1,0,18,-175, not_tired
n_714, 22,18,1,16,-191, not_tired
n_714, 18,18,0,13,-187, not_tired
n_714, 23,20,0,13,-189, not_tired
n_714, 23,19,1,15,-188, not_tired
n_714, 19,17,0,10,-184, not_tired
n_714, 18,20,0,7,-187, not_tired
n_715, 20,21,0,5,-183, not_tired
n_715, 21,20,0,8,-184, not_tired
n_715, 21,22,0,3,-188, not_tired
n_715, 21,20,0,15,-185, not_tired
n_715, 22,19,0,17,-189, not_tired
n_715, 20,21,0,15,-185, not_tired
n_715, 20,20,0,22,-194, not_tired
n_715, 22,21,0,16,-196, not_tired
n_715, 20,20,0,19,-193, not_tired
n_715, 17,18,0,14,-188, not_tired
n_716, 22,20,0,12,-189, not_tired
n_716, 24,19,0,14,-189, not_tired
n_716, 22,20,0,12,-183, not_tired
n_716, 24,21,0,14,-188, not_tired
n_716, 4,7,0,11,-183, not_tired
n_716, 19,17,1,17,-186, not_tired
n_716, 19,22,0,10,-188, not_tired
n_716, 23,20,0,11,-192, not_tired
n_716, 21,22,0,16,-191, not_tired
n_716, 18,17,0,13,-187, not_tired
n_717, 20,19,0,15,-188, not_tired
n_717, 23,23,0,13,-193, not_tired
n_717, 21,20,0,13,-193, not_tired
n_717, 23,20,0,21,-192, not_tired
n_717, 15,14,0,18,-185, not_tired
n_717, 20,18,0,16,-193, not_tired
n_717, 21,20,0,19,-192, not_tired
n_717, 21,19,0,16,-190, not_tired
n_717, 21,20,0,16,-195, not_tired
n_717, 21,20,1,18,-194, not_tired
n_718, 22,23,0,12,-201, not_tired
n_718, 10,11,0,40,-188, not_tired
n_718, 19,18,1,35,-192, not_tired
n_718, 20,17,0,19,-196, not_tired
n_718, 20,20,0,14,-203, not_tired
n_718, 24,20,0,26,-203, not_tired
n_718, 28,20,0,23,-200, not_tired
n_718, 23,19,0,26,-199, not_tired
n_718, 18,16,1,18,-197, not_tired
n_718, 25,21,0,18,-203, not_tired
n_719, 21,18,0,22,-199, not_tired
n_719, 22,20,0,17,-198, not_tired
n_719, 20,20,0,19,-196, not_tired
n_719, 26,23,0,12,-201, not_tired
n_719, 20,22,0,19,-196, not_tired
n_719, 18,21,0,12,-192, not_tired
n_719, 18,20,0,17,-186, not_tired
n_719, 18,17,0,17,-186, not_tired
n_719, 17,17,0,13,-184, not_tired
n_719, 19,20,0,16,-189, not_tired
n_72, 0,0,0,0,0, not_tired
n_72, 15,13,0,-37,-180, not_tired
n_72, 15,12,0,-30,-182, not_tired
n_72, 14,14,1,-43,-189, not_tired
n_72, 13,12,1,-26,-161, not_tired
n_72, 15,12,1,-39,-170, not_tired
n_72, 16,15,0,5,-176, not_tired
n_72, 14,13,0,-11,-178, not_tired
n_72, 12,11,0,-51,-163, not_tired
n_72, 12,13,0,-31,-181, not_tired
n_720, 0,0,0,0,0, not_tired
n_720, 20,19,0,16,-190, not_tired
n_720, 21,17,0,16,-190, not_tired
n_720, 23,22,0,12,-198, not_tired
n_720, 17,18,1,15,-191, not_tired
n_720, 6,2,0,11,-186, not_tired
n_720, 13,14,0,32,-179, not_tired
n_720, 18,17,0,25,-194, not_tired
n_720, 21,19,0,19,-192, not_tired
n_720, 22,19,0,24,-194, not_tired
n_721, 22,20,0,21,-191, not_tired
n_721, 22,23,0,19,-192, not_tired
n_721, 17,19,0,17,-190, not_tired
n_721, 22,21,0,14,-195, not_tired
n_721, 19,20,0,11,-193, not_tired
n_721, 18,21,0,12,-187, not_tired
n_721, 1,0,0,20,-182, not_tired
n_721, 19,18,0,14,-188, not_tired
n_721, 19,19,0,16,-188, not_tired
n_721, 19,20,0,10,-185, not_tired
n_722, 19,18,0,19,-182, not_tired
n_722, 16,17,1,19,-187, not_tired
n_722, 17,19,0,18,-187, not_tired
n_722, 18,18,0,13,-191, not_tired
n_722, 19,18,0,23,-189, not_tired
n_722, 17,19,0,13,-189, not_tired
n_722, 13,16,0,22,-182, not_tired
n_722, 15,15,0,25,-183, not_tired
n_722, 18,19,0,20,-187, not_tired
n_722, 20,20,0,17,-192, not_tired
n_723, 20,20,0,13,-191, not_tired
n_723, 21,19,0,17,-196, not_tired
n_723, 18,18,0,15,-191, not_tired
n_723, 20,20,0,16,-188, not_tired
n_723, 20,20,0,17,-190, not_tired
n_723, 20,19,0,18,-188, not_tired
n_723, 20,20,0,16,-192, not_tired
n_723, 21,18,0,20,-190, not_tired
n_723, 22,21,0,12,-192, not_tired
n_723, 19,20,0,13,-190, not_tired
n_724, 21,18,0,20,-188, not_tired
n_724, 20,19,0,18,-185, not_tired
n_724, 20,20,1,17,-184, not_tired
n_724, 19,20,0,19,-185, not_tired
n_724, 19,20,0,16,-184, not_tired
n_724, 0,0,0,0,0, not_tired
n_724, 0,0,0,0,0, not_tired
n_724, 0,0,0,0,0, not_tired
n_724, 6,2,0,21,-181, not_tired
n_724, 0,0,0,0,0, not_tired
n_725, 7,3,0,26,-172, not_tired
n_725, 19,23,0,8,-184, not_tired
n_725, 18,20,1,26,-185, not_tired
n_725, 13,14,1,28,-186, not_tired
n_725, 19,22,0,17,-195, not_tired
n_725, 26,22,0,-38,-198, not_tired
n_725, 23,19,0,-63,-206, not_tired
n_725, 19,23,1,14,-206, not_tired
n_725, 0,0,0,0,0, not_tired
n_725, 19,23,0,5,-203, not_tired
n_726, 24,22,1,12,-204, not_tired
n_726, 22,22,1,14,-211, not_tired
n_726, 24,21,0,-4,-207, not_tired
n_726, 0,0,0,0,0, not_tired
n_726, 19,17,5,-23,-184, not_tired
n_726, 21,14,1,-52,-185, not_tired
n_726, 0,0,0,0,0, not_tired
n_726, 16,13,38,-45,-141, not_tired
n_726, 17,13,2,-48,-156, not_tired
n_726, 18,14,10,-47,-160, not_tired
n_727, 17,15,5,-49,-160, not_tired
n_727, 17,13,25,-45,-165, not_tired
n_727, 17,14,13,-44,-165, not_tired
n_727, 17,15,15,-40,-167, not_tired
n_727, 18,13,5,-43,-167, not_tired
n_727, 18,15,7,-47,-167, not_tired
n_727, 22,20,0,-39,-185, not_tired
n_727, 11,15,1,-36,-189, not_tired
n_727, 0,0,0,0,0, not_tired
n_727, 9,16,0,27,-168, not_tired
n_728, 11,19,0,16,-178, not_tired
n_728, 9,17,1,25,-152, not_tired
n_728, 15,22,0,13,-184, not_tired
n_728, 15,18,0,10,-177, not_tired
n_728, 10,13,0,10,-180, not_tired
n_728, 17,19,0,10,-188, not_tired
n_728, 25,22,0,-26,-195, not_tired
n_728, 24,21,1,-24,-205, not_tired
n_728, 25,23,0,-12,-199, not_tired
n_728, 21,18,0,9,-211, not_tired
n_729, 25,22,0,-19,-198, not_tired
n_729, 24,22,0,-12,-194, not_tired
n_729, 21,19,0,8,-202, not_tired
n_729, 24,20,0,-21,-196, not_tired
n_729, 20,18,0,-10,-193, not_tired
n_729, 21,24,0,6,-204, not_tired
n_729, 19,18,0,4,-195, not_tired
n_729, 24,23,0,-3,-204, not_tired
n_729, 20,22,0,2,-193, not_tired
n_729, 17,20,0,3,-193, not_tired
n_73, 0,0,0,0,0, not_tired
n_73, 13,11,0,-35,-176, not_tired
n_73, 14,12,0,-36,-177, not_tired
n_73, 16,12,0,-16,-182, not_tired
n_73, 13,10,0,-27,-181, not_tired
n_73, 12,11,1,-36,-180, not_tired
n_73, 16,12,0,-21,-176, not_tired
n_73, 12,10,0,-35,-174, not_tired
n_73, 12,11,0,-28,-182, not_tired
n_73, 13,11,0,-29,-186, not_tired
n_730, 0,0,0,0,0, not_tired
n_730, 19,23,0,4,-196, not_tired
n_730, 21,22,0,10,-195, not_tired
n_730, 23,22,0,16,-200, not_tired
n_730, 25,23,0,3,-203, not_tired
n_730, 18,21,0,5,-196, not_tired
n_730, 7,6,0,3,-187, not_tired
n_730, 22,23,0,10,-197, not_tired
n_730, 20,20,0,7,-193, not_tired
n_730, 19,21,0,8,-199, not_tired
n_731, 22,22,0,11,-199, not_tired
n_731, 20,19,0,15,-199, not_tired
n_731, 3,5,1,28,-193, not_tired
n_731, 24,23,0,20,-199, not_tired
n_731, 23,22,0,20,-197, not_tired
n_731, 23,23,0,19,-199, not_tired
n_731, 22,23,0,15,-198, not_tired
n_731, 20,23,0,9,-198, not_tired
n_731, 20,22,0,8,-193, not_tired
n_731, 22,24,0,10,-198, not_tired
n_732, 0,0,0,0,0, not_tired
n_732, 0,0,0,0,0, not_tired
n_732, 21,25,0,1,-209, not_tired
n_732, 25,29,0,-34,-217, not_tired
n_732, 24,26,1,13,-194, not_tired
n_732, 11,14,0,15,-203, not_tired
n_732, 25,18,1,1,-193, not_tired
n_732, 26,26,0,14,-203, not_tired
n_732, 19,17,0,35,-198, not_tired
n_732, 18,17,0,11,-199, not_tired
n_733, 21,24,0,-1,-200, not_tired
n_733, 19,20,1,15,-188, not_tired
n_733, 20,24,0,9,-192, not_tired
n_733, 15,17,0,28,-189, not_tired
n_733, 21,24,0,12,-198, not_tired
n_733, 7,10,1,23,-186, not_tired
n_733, 18,23,0,6,-193, not_tired
n_733, 21,23,0,1,-193, not_tired
n_733, 17,23,0,6,-194, not_tired
n_733, 23,22,0,8,-194, not_tired
n_734, 20,22,0,2,-194, not_tired
n_734, 15,15,1,11,-198, not_tired
n_734, 22,22,1,12,-198, not_tired
n_734, 24,22,0,6,-205, not_tired
n_734, 20,18,0,24,-199, not_tired
n_734, 17,19,0,19,-190, not_tired
n_734, 20,20,0,22,-194, not_tired
n_734, 18,18,0,12,-194, not_tired
n_734, 13,12,0,11,-185, not_tired
n_734, 16,17,0,11,-186, not_tired
n_735, 18,19,0,9,-189, not_tired
n_735, 20,20,0,10,-192, not_tired
n_735, 18,21,0,8,-189, not_tired
n_735, 21,23,1,8,-190, not_tired
n_735, 16,17,0,12,-188, not_tired
n_735, 19,22,0,10,-190, not_tired
n_735, 9,16,0,21,-183, not_tired
n_735, 19,19,0,5,-194, not_tired
n_735, 18,21,0,5,-190, not_tired
n_735, 17,19,1,11,-190, not_tired
n_736, 16,16,1,11,-185, not_tired
n_736, 17,20,0,10,-194, not_tired
n_736, 16,21,0,11,-192, not_tired
n_736, 4,3,0,7,-183, not_tired
n_736, 20,20,0,10,-191, not_tired
n_736, 16,18,0,19,-188, not_tired
n_736, 14,16,0,11,-179, not_tired
n_736, 18,19,0,8,-185, not_tired
n_736, 17,18,0,10,-182, not_tired
n_736, 16,18,0,12,-186, not_tired
n_737, 21,19,0,16,-186, not_tired
n_737, 17,19,0,16,-184, not_tired
n_737, 16,17,0,21,-188, not_tired
n_737, 12,14,0,16,-183, not_tired
n_737, 20,18,0,13,-187, not_tired
n_737, 18,19,1,17,-191, not_tired
n_737, 16,16,0,17,-187, not_tired
n_737, 19,21,0,13,-193, not_tired
n_737, 23,20,0,10,-195, not_tired
n_737, 18,19,0,11,-190, not_tired
n_738, 14,16,1,10,-185, not_tired
n_738, 18,20,1,12,-188, not_tired
n_738, 16,17,0,10,-182, not_tired
n_738, 17,19,0,12,-185, not_tired
n_738, 13,11,0,10,-184, not_tired
n_738, 16,20,0,4,-187, not_tired
n_738, 20,21,0,11,-182, not_tired
n_738, 23,21,0,18,-190, not_tired
n_738, 20,21,1,15,-188, not_tired
n_738, 20,22,1,13,-189, not_tired
n_739, 20,21,0,8,-189, not_tired
n_739, 16,17,0,9,-185, not_tired
n_739, 18,19,0,9,-188, not_tired
n_739, 14,16,0,20,-176, not_tired
n_739, 19,19,0,15,-185, not_tired
n_739, 18,20,0,8,-189, not_tired
n_739, 18,21,0,10,-188, not_tired
n_739, 19,20,0,8,-188, not_tired
n_739, 15,18,0,11,-181, not_tired
n_739, 15,18,0,17,-184, not_tired
n_74, 0,0,0,0,0, not_tired
n_74, 13,10,0,-33,-172, not_tired
n_74, 13,10,0,-23,-169, not_tired
n_74, 13,11,0,-23,-176, not_tired
n_74, 13,12,1,-25,-178, not_tired
n_74, 14,12,0,-13,-177, not_tired
n_74, 13,11,0,-24,-174, not_tired
n_74, 10,8,0,-11,-183, not_tired
n_74, 12,13,0,-30,-175, not_tired
n_74, 13,11,0,-28,-174, not_tired
n_740, 0,0,0,0,0, not_tired
n_740, 18,19,0,9,-184, not_tired
n_740, 18,19,0,11,-184, not_tired
n_740, 18,20,0,14,-186, not_tired
n_740, 20,21,0,12,-186, not_tired
n_740, 23,21,0,9,-188, not_tired
n_740, 16,20,0,10,-184, not_tired
n_740, 18,19,0,7,-183, not_tired
n_740, 17,19,0,9,-184, not_tired
n_740, 18,19,0,10,-189, not_tired
n_741, 19,19,0,16,-191, not_tired
n_741, 21,19,0,7,-195, not_tired
n_741, 12,10,0,11,-188, not_tired
n_741, 19,18,0,16,-191, not_tired
n_741, 17,16,1,18,-191, not_tired
n_741, 17,19,0,11,-190, not_tired
n_741, 17,19,0,12,-187, not_tired
n_741, 17,19,0,8,-183, not_tired
n_741, 18,19,0,9,-183, not_tired
n_741, 16,20,1,12,-186, not_tired
n_742, 20,20,0,11,-192, not_tired
n_742, 19,21,0,8,-191, not_tired
n_742, 19,20,0,13,-190, not_tired
n_742, 18,20,0,14,-194, not_tired
n_742, 21,21,0,10,-191, not_tired
n_742, 19,20,0,13,-191, not_tired
n_742, 19,20,0,9,-190, not_tired
n_742, 14,14,0,10,-186, not_tired
n_742, 18,20,0,9,-190, not_tired
n_742, 20,21,0,11,-189, not_tired
n_743, 18,20,0,7,-188, not_tired
n_743, 19,20,0,10,-190, not_tired
n_743, 20,19,1,10,-191, not_tired
n_743, 20,20,1,7,-191, not_tired
n_743, 19,20,0,9,-192, not_tired
n_743, 15,16,1,16,-184, not_tired
n_743, 22,21,0,14,-189, not_tired
n_743, 22,21,0,15,-191, not_tired
n_743, 21,21,1,15,-193, not_tired
n_743, 18,17,0,15,-186, not_tired
